--
-- PostgreSQL database dump
--

-- Dumped from database version 9.1.7
-- Dumped by pg_dump version 9.1.7
-- Started on 2012-12-31 18:05:43 EST

SET statement_timeout = 0;
SET client_encoding = 'UTF8';
SET standard_conforming_strings = on;
SET check_function_bodies = false;
SET client_min_messages = warning;

--
-- TOC entry 203 (class 3079 OID 11680)
-- Name: plpgsql; Type: EXTENSION; Schema: -; Owner: 
--

CREATE EXTENSION IF NOT EXISTS plpgsql WITH SCHEMA pg_catalog;


--
-- TOC entry 2203 (class 0 OID 0)
-- Dependencies: 203
-- Name: EXTENSION plpgsql; Type: COMMENT; Schema: -; Owner: 
--

COMMENT ON EXTENSION plpgsql IS 'PL/pgSQL procedural language';


SET search_path = public, pg_catalog;

SET default_tablespace = '';

SET default_with_oids = false;

--
-- TOC entry 162 (class 1259 OID 46155)
-- Dependencies: 2029 2030 5
-- Name: archivo; Type: TABLE; Schema: public; Owner: postgres; Tablespace: 
--

CREATE TABLE archivo (
    id integer NOT NULL,
    name character varying(1000),
    md5 character varying(64),
    extension character varying(16),
    created timestamp without time zone DEFAULT now() NOT NULL,
    modified timestamp without time zone DEFAULT now() NOT NULL,
    created_by integer,
    modified_by integer
);


ALTER TABLE public.archivo OWNER TO postgres;

--
-- TOC entry 161 (class 1259 OID 46153)
-- Dependencies: 5 162
-- Name: archivo_id_seq; Type: SEQUENCE; Schema: public; Owner: postgres
--

CREATE SEQUENCE archivo_id_seq
    START WITH 1
    INCREMENT BY 1
    NO MINVALUE
    NO MAXVALUE
    CACHE 1;


ALTER TABLE public.archivo_id_seq OWNER TO postgres;

--
-- TOC entry 2204 (class 0 OID 0)
-- Dependencies: 161
-- Name: archivo_id_seq; Type: SEQUENCE OWNED BY; Schema: public; Owner: postgres
--

ALTER SEQUENCE archivo_id_seq OWNED BY archivo.id;


--
-- TOC entry 201 (class 1259 OID 46727)
-- Dependencies: 5
-- Name: auth_assignment; Type: TABLE; Schema: public; Owner: postgres; Tablespace: 
--

CREATE TABLE auth_assignment (
    itemname character varying(64) NOT NULL,
    userid character varying(64) NOT NULL,
    bizrule text,
    data text
);


ALTER TABLE public.auth_assignment OWNER TO postgres;

--
-- TOC entry 199 (class 1259 OID 46694)
-- Dependencies: 5
-- Name: auth_item; Type: TABLE; Schema: public; Owner: postgres; Tablespace: 
--

CREATE TABLE auth_item (
    name character varying(64) NOT NULL,
    type integer NOT NULL,
    description text,
    bizrule text,
    data text
);


ALTER TABLE public.auth_item OWNER TO postgres;

--
-- TOC entry 200 (class 1259 OID 46702)
-- Dependencies: 5
-- Name: auth_item_child; Type: TABLE; Schema: public; Owner: postgres; Tablespace: 
--

CREATE TABLE auth_item_child (
    parent character varying(64) NOT NULL,
    child character varying(64) NOT NULL
);


ALTER TABLE public.auth_item_child OWNER TO postgres;

--
-- TOC entry 188 (class 1259 OID 46414)
-- Dependencies: 2069 2070 5
-- Name: canton; Type: TABLE; Schema: public; Owner: postgres; Tablespace: 
--

CREATE TABLE canton (
    id integer NOT NULL,
    code character varying(100),
    name character varying(200),
    provincia_id integer NOT NULL,
    created timestamp without time zone DEFAULT now(),
    modified timestamp without time zone DEFAULT now(),
    created_by integer,
    modified_by integer
);


ALTER TABLE public.canton OWNER TO postgres;

--
-- TOC entry 187 (class 1259 OID 46412)
-- Dependencies: 188 5
-- Name: canton_id_seq; Type: SEQUENCE; Schema: public; Owner: postgres
--

CREATE SEQUENCE canton_id_seq
    START WITH 1
    INCREMENT BY 1
    NO MINVALUE
    NO MAXVALUE
    CACHE 1;


ALTER TABLE public.canton_id_seq OWNER TO postgres;

--
-- TOC entry 2205 (class 0 OID 0)
-- Dependencies: 187
-- Name: canton_id_seq; Type: SEQUENCE OWNED BY; Schema: public; Owner: postgres
--

ALTER SEQUENCE canton_id_seq OWNED BY canton.id;


--
-- TOC entry 168 (class 1259 OID 46189)
-- Dependencies: 2038 2039 5
-- Name: carga; Type: TABLE; Schema: public; Owner: postgres; Tablespace: 
--

CREATE TABLE carga (
    id integer NOT NULL,
    archivo_id integer,
    ies_id integer,
    formulario_id integer,
    created timestamp without time zone DEFAULT now() NOT NULL,
    modified timestamp without time zone DEFAULT now() NOT NULL,
    created_by integer,
    modified_by integer,
    documento_id integer
);


ALTER TABLE public.carga OWNER TO postgres;

--
-- TOC entry 167 (class 1259 OID 46187)
-- Dependencies: 5 168
-- Name: carga_id_seq; Type: SEQUENCE; Schema: public; Owner: postgres
--

CREATE SEQUENCE carga_id_seq
    START WITH 1
    INCREMENT BY 1
    NO MINVALUE
    NO MAXVALUE
    CACHE 1;


ALTER TABLE public.carga_id_seq OWNER TO postgres;

--
-- TOC entry 2206 (class 0 OID 0)
-- Dependencies: 167
-- Name: carga_id_seq; Type: SEQUENCE OWNED BY; Schema: public; Owner: postgres
--

ALTER SEQUENCE carga_id_seq OWNED BY carga.id;


--
-- TOC entry 198 (class 1259 OID 46661)
-- Dependencies: 2087 2088 5
-- Name: carrera; Type: TABLE; Schema: public; Owner: postgres; Tablespace: 
--

CREATE TABLE carrera (
    id integer NOT NULL,
    name character varying(256),
    code character varying(256),
    description text,
    ies_id integer,
    created timestamp without time zone DEFAULT now(),
    modified timestamp without time zone DEFAULT now(),
    created_by integer,
    modified_by integer
);


ALTER TABLE public.carrera OWNER TO postgres;

--
-- TOC entry 197 (class 1259 OID 46659)
-- Dependencies: 5 198
-- Name: carrera_id_seq; Type: SEQUENCE; Schema: public; Owner: postgres
--

CREATE SEQUENCE carrera_id_seq
    START WITH 1
    INCREMENT BY 1
    NO MINVALUE
    NO MAXVALUE
    CACHE 1;


ALTER TABLE public.carrera_id_seq OWNER TO postgres;

--
-- TOC entry 2207 (class 0 OID 0)
-- Dependencies: 197
-- Name: carrera_id_seq; Type: SEQUENCE OWNED BY; Schema: public; Owner: postgres
--

ALTER SEQUENCE carrera_id_seq OWNED BY carrera.id;


--
-- TOC entry 170 (class 1259 OID 46214)
-- Dependencies: 2041 2042 5
-- Name: conocimiento_area; Type: TABLE; Schema: public; Owner: postgres; Tablespace: 
--

CREATE TABLE conocimiento_area (
    id integer NOT NULL,
    code integer,
    name character varying(128),
    description text,
    created timestamp without time zone DEFAULT now() NOT NULL,
    modified timestamp without time zone DEFAULT now() NOT NULL,
    created_by integer,
    modified_by integer
);


ALTER TABLE public.conocimiento_area OWNER TO postgres;

--
-- TOC entry 169 (class 1259 OID 46212)
-- Dependencies: 5 170
-- Name: conocimiento_area_id_seq; Type: SEQUENCE; Schema: public; Owner: postgres
--

CREATE SEQUENCE conocimiento_area_id_seq
    START WITH 1
    INCREMENT BY 1
    NO MINVALUE
    NO MAXVALUE
    CACHE 1;


ALTER TABLE public.conocimiento_area_id_seq OWNER TO postgres;

--
-- TOC entry 2208 (class 0 OID 0)
-- Dependencies: 169
-- Name: conocimiento_area_id_seq; Type: SEQUENCE OWNED BY; Schema: public; Owner: postgres
--

ALTER SEQUENCE conocimiento_area_id_seq OWNED BY conocimiento_area.id;


--
-- TOC entry 172 (class 1259 OID 46227)
-- Dependencies: 2044 2045 5
-- Name: conocimiento_subarea; Type: TABLE; Schema: public; Owner: postgres; Tablespace: 
--

CREATE TABLE conocimiento_subarea (
    id integer NOT NULL,
    code integer,
    name character varying(128),
    description text,
    conocimiento_area_id integer,
    created timestamp without time zone DEFAULT now() NOT NULL,
    modified timestamp without time zone DEFAULT now() NOT NULL,
    created_by integer,
    modified_by integer
);


ALTER TABLE public.conocimiento_subarea OWNER TO postgres;

--
-- TOC entry 171 (class 1259 OID 46225)
-- Dependencies: 5 172
-- Name: conocimiento_subarea_id_seq; Type: SEQUENCE; Schema: public; Owner: postgres
--

CREATE SEQUENCE conocimiento_subarea_id_seq
    START WITH 1
    INCREMENT BY 1
    NO MINVALUE
    NO MAXVALUE
    CACHE 1;


ALTER TABLE public.conocimiento_subarea_id_seq OWNER TO postgres;

--
-- TOC entry 2209 (class 0 OID 0)
-- Dependencies: 171
-- Name: conocimiento_subarea_id_seq; Type: SEQUENCE OWNED BY; Schema: public; Owner: postgres
--

ALTER SEQUENCE conocimiento_subarea_id_seq OWNED BY conocimiento_subarea.id;


--
-- TOC entry 194 (class 1259 OID 46603)
-- Dependencies: 2078 2079 5
-- Name: documento; Type: TABLE; Schema: public; Owner: postgres; Tablespace: 
--

CREATE TABLE documento (
    id integer NOT NULL,
    name character varying(100),
    year character varying(16),
    description text,
    created timestamp without time zone DEFAULT now() NOT NULL,
    modified timestamp without time zone DEFAULT now() NOT NULL,
    created_by integer,
    modified_by integer,
    levantamiento_id integer
);


ALTER TABLE public.documento OWNER TO postgres;

--
-- TOC entry 193 (class 1259 OID 46601)
-- Dependencies: 5 194
-- Name: documento_id_seq; Type: SEQUENCE; Schema: public; Owner: postgres
--

CREATE SEQUENCE documento_id_seq
    START WITH 1
    INCREMENT BY 1
    NO MINVALUE
    NO MAXVALUE
    CACHE 1;


ALTER TABLE public.documento_id_seq OWNER TO postgres;

--
-- TOC entry 2210 (class 0 OID 0)
-- Dependencies: 193
-- Name: documento_id_seq; Type: SEQUENCE OWNED BY; Schema: public; Owner: postgres
--

ALTER SEQUENCE documento_id_seq OWNED BY documento.id;


--
-- TOC entry 166 (class 1259 OID 46181)
-- Dependencies: 2035 2036 5
-- Name: formulario; Type: TABLE; Schema: public; Owner: postgres; Tablespace: 
--

CREATE TABLE formulario (
    id integer NOT NULL,
    name character varying(100),
    year character varying(16),
    description text,
    created timestamp without time zone DEFAULT now() NOT NULL,
    modified timestamp without time zone DEFAULT now() NOT NULL,
    created_by integer,
    modified_by integer,
    levantamiento_id integer
);


ALTER TABLE public.formulario OWNER TO postgres;

--
-- TOC entry 165 (class 1259 OID 46179)
-- Dependencies: 5 166
-- Name: formulario_id_seq; Type: SEQUENCE; Schema: public; Owner: postgres
--

CREATE SEQUENCE formulario_id_seq
    START WITH 1
    INCREMENT BY 1
    NO MINVALUE
    NO MAXVALUE
    CACHE 1;


ALTER TABLE public.formulario_id_seq OWNER TO postgres;

--
-- TOC entry 2211 (class 0 OID 0)
-- Dependencies: 165
-- Name: formulario_id_seq; Type: SEQUENCE OWNED BY; Schema: public; Owner: postgres
--

ALTER SEQUENCE formulario_id_seq OWNED BY formulario.id;


--
-- TOC entry 164 (class 1259 OID 46168)
-- Dependencies: 2032 2033 5
-- Name: ies; Type: TABLE; Schema: public; Owner: postgres; Tablespace: 
--

CREATE TABLE ies (
    id integer NOT NULL,
    code character varying(100),
    name character varying(200),
    notas text,
    created timestamp without time zone DEFAULT now(),
    modified timestamp without time zone DEFAULT now(),
    created_by integer,
    modified_by integer
);


ALTER TABLE public.ies OWNER TO postgres;

--
-- TOC entry 2212 (class 0 OID 0)
-- Dependencies: 164
-- Name: COLUMN ies.code; Type: COMMENT; Schema: public; Owner: postgres
--

COMMENT ON COLUMN ies.code IS '1. Código de la institución';


--
-- TOC entry 163 (class 1259 OID 46166)
-- Dependencies: 164 5
-- Name: ies_id_seq; Type: SEQUENCE; Schema: public; Owner: postgres
--

CREATE SEQUENCE ies_id_seq
    START WITH 1
    INCREMENT BY 1
    NO MINVALUE
    NO MAXVALUE
    CACHE 1;


ALTER TABLE public.ies_id_seq OWNER TO postgres;

--
-- TOC entry 2213 (class 0 OID 0)
-- Dependencies: 163
-- Name: ies_id_seq; Type: SEQUENCE OWNED BY; Schema: public; Owner: postgres
--

ALTER SEQUENCE ies_id_seq OWNED BY ies.id;


--
-- TOC entry 192 (class 1259 OID 46569)
-- Dependencies: 2075 2076 5
-- Name: levantamiento; Type: TABLE; Schema: public; Owner: postgres; Tablespace: 
--

CREATE TABLE levantamiento (
    id integer NOT NULL,
    name character varying(100),
    description text,
    created timestamp without time zone DEFAULT now(),
    modified timestamp without time zone DEFAULT now(),
    created_by integer,
    modified_by integer,
    code character varying(10)
);


ALTER TABLE public.levantamiento OWNER TO postgres;

--
-- TOC entry 191 (class 1259 OID 46567)
-- Dependencies: 192 5
-- Name: levantamiento_id_seq; Type: SEQUENCE; Schema: public; Owner: postgres
--

CREATE SEQUENCE levantamiento_id_seq
    START WITH 1
    INCREMENT BY 1
    NO MINVALUE
    NO MAXVALUE
    CACHE 1;


ALTER TABLE public.levantamiento_id_seq OWNER TO postgres;

--
-- TOC entry 2214 (class 0 OID 0)
-- Dependencies: 191
-- Name: levantamiento_id_seq; Type: SEQUENCE OWNED BY; Schema: public; Owner: postgres
--

ALTER SEQUENCE levantamiento_id_seq OWNED BY levantamiento.id;


--
-- TOC entry 180 (class 1259 OID 46312)
-- Dependencies: 2056 2057 5
-- Name: opcion; Type: TABLE; Schema: public; Owner: postgres; Tablespace: 
--

CREATE TABLE opcion (
    id integer NOT NULL,
    name character varying(128),
    description text,
    pregunta_id integer,
    created timestamp without time zone DEFAULT now() NOT NULL,
    modified timestamp without time zone DEFAULT now() NOT NULL,
    created_by integer,
    modified_by integer
);


ALTER TABLE public.opcion OWNER TO postgres;

--
-- TOC entry 179 (class 1259 OID 46310)
-- Dependencies: 5 180
-- Name: opcion_id_seq; Type: SEQUENCE; Schema: public; Owner: postgres
--

CREATE SEQUENCE opcion_id_seq
    START WITH 1
    INCREMENT BY 1
    NO MINVALUE
    NO MAXVALUE
    CACHE 1;


ALTER TABLE public.opcion_id_seq OWNER TO postgres;

--
-- TOC entry 2215 (class 0 OID 0)
-- Dependencies: 179
-- Name: opcion_id_seq; Type: SEQUENCE OWNED BY; Schema: public; Owner: postgres
--

ALTER SEQUENCE opcion_id_seq OWNED BY opcion.id;


--
-- TOC entry 174 (class 1259 OID 46245)
-- Dependencies: 2047 2048 5
-- Name: parametro; Type: TABLE; Schema: public; Owner: postgres; Tablespace: 
--

CREATE TABLE parametro (
    id integer NOT NULL,
    name character varying(128),
    valor text,
    texto text,
    numero numeric,
    fecha timestamp without time zone,
    created timestamp without time zone DEFAULT now() NOT NULL,
    modified timestamp without time zone DEFAULT now() NOT NULL,
    created_by integer,
    modified_by integer
);


ALTER TABLE public.parametro OWNER TO postgres;

--
-- TOC entry 173 (class 1259 OID 46243)
-- Dependencies: 174 5
-- Name: parametro_id_seq; Type: SEQUENCE; Schema: public; Owner: postgres
--

CREATE SEQUENCE parametro_id_seq
    START WITH 1
    INCREMENT BY 1
    NO MINVALUE
    NO MAXVALUE
    CACHE 1;


ALTER TABLE public.parametro_id_seq OWNER TO postgres;

--
-- TOC entry 2216 (class 0 OID 0)
-- Dependencies: 173
-- Name: parametro_id_seq; Type: SEQUENCE OWNED BY; Schema: public; Owner: postgres
--

ALTER SEQUENCE parametro_id_seq OWNED BY parametro.id;


--
-- TOC entry 190 (class 1259 OID 46429)
-- Dependencies: 2072 2073 5
-- Name: parroquia; Type: TABLE; Schema: public; Owner: postgres; Tablespace: 
--

CREATE TABLE parroquia (
    id integer NOT NULL,
    code character varying(100),
    name character varying(200),
    canton_id integer NOT NULL,
    created timestamp without time zone DEFAULT now(),
    modified timestamp without time zone DEFAULT now(),
    created_by integer,
    modified_by integer,
    cabecera_cantonal integer,
    capital_provincial integer,
    cambio integer,
    ojo integer
);


ALTER TABLE public.parroquia OWNER TO postgres;

--
-- TOC entry 2217 (class 0 OID 0)
-- Dependencies: 190
-- Name: COLUMN parroquia.cambio; Type: COMMENT; Schema: public; Owner: postgres
--

COMMENT ON COLUMN parroquia.cambio IS 'Cantones que pasan a formar parte de nuevas provincias; parroquias rurales que pasan a ser parroquias urbanas, a forman parte de un nuevo cantón o han sido suprimidas. (http://www.inec.gob.ec/estadisticas/index.php?option=com_remository&Itemid=&func=startdown&id=1264&lang=es&TB_iframe=true&height=250&width=800)';


--
-- TOC entry 2218 (class 0 OID 0)
-- Dependencies: 190
-- Name: COLUMN parroquia.ojo; Type: COMMENT; Schema: public; Owner: postgres
--

COMMENT ON COLUMN parroquia.ojo IS 'Doble asterisco en archivo del INEC, por lo general significa que una Resolución legal entra en conflicto cuando un artículo emite la eliminación de la parroquia, pero un artículo posterior la hace constar en las delimitaciones del cantón.

(http://www.inec.gob.ec/estadisticas/index.php?option=com_remository&Itemid=&func=startdown&id=1264&lang=es&TB_iframe=true&height=250&width=800)';


--
-- TOC entry 189 (class 1259 OID 46427)
-- Dependencies: 190 5
-- Name: parroquia_id_seq; Type: SEQUENCE; Schema: public; Owner: postgres
--

CREATE SEQUENCE parroquia_id_seq
    START WITH 1
    INCREMENT BY 1
    NO MINVALUE
    NO MAXVALUE
    CACHE 1;


ALTER TABLE public.parroquia_id_seq OWNER TO postgres;

--
-- TOC entry 2219 (class 0 OID 0)
-- Dependencies: 189
-- Name: parroquia_id_seq; Type: SEQUENCE OWNED BY; Schema: public; Owner: postgres
--

ALTER SEQUENCE parroquia_id_seq OWNED BY parroquia.id;


--
-- TOC entry 178 (class 1259 OID 46284)
-- Dependencies: 2053 2054 5
-- Name: pregunta; Type: TABLE; Schema: public; Owner: postgres; Tablespace: 
--

CREATE TABLE pregunta (
    id integer NOT NULL,
    description text,
    pregunta_id integer,
    name character varying(128),
    tipo_id integer,
    orden integer,
    created timestamp without time zone DEFAULT now() NOT NULL,
    modified timestamp without time zone DEFAULT now() NOT NULL,
    created_by integer,
    modified_by integer,
    formulario_id integer
);


ALTER TABLE public.pregunta OWNER TO postgres;

--
-- TOC entry 177 (class 1259 OID 46282)
-- Dependencies: 5 178
-- Name: pregunta_id_seq; Type: SEQUENCE; Schema: public; Owner: postgres
--

CREATE SEQUENCE pregunta_id_seq
    START WITH 1
    INCREMENT BY 1
    NO MINVALUE
    NO MAXVALUE
    CACHE 1;


ALTER TABLE public.pregunta_id_seq OWNER TO postgres;

--
-- TOC entry 2220 (class 0 OID 0)
-- Dependencies: 177
-- Name: pregunta_id_seq; Type: SEQUENCE OWNED BY; Schema: public; Owner: postgres
--

ALTER SEQUENCE pregunta_id_seq OWNED BY pregunta.id;


--
-- TOC entry 186 (class 1259 OID 46404)
-- Dependencies: 2066 2067 5
-- Name: provincia; Type: TABLE; Schema: public; Owner: postgres; Tablespace: 
--

CREATE TABLE provincia (
    id integer NOT NULL,
    code character varying(100),
    name character varying(200),
    created timestamp without time zone DEFAULT now(),
    modified timestamp without time zone DEFAULT now(),
    created_by integer,
    modified_by integer
);


ALTER TABLE public.provincia OWNER TO postgres;

--
-- TOC entry 185 (class 1259 OID 46402)
-- Dependencies: 186 5
-- Name: provincia_id_seq; Type: SEQUENCE; Schema: public; Owner: postgres
--

CREATE SEQUENCE provincia_id_seq
    START WITH 1
    INCREMENT BY 1
    NO MINVALUE
    NO MAXVALUE
    CACHE 1;


ALTER TABLE public.provincia_id_seq OWNER TO postgres;

--
-- TOC entry 2221 (class 0 OID 0)
-- Dependencies: 185
-- Name: provincia_id_seq; Type: SEQUENCE OWNED BY; Schema: public; Owner: postgres
--

ALTER SEQUENCE provincia_id_seq OWNED BY provincia.id;


--
-- TOC entry 184 (class 1259 OID 46382)
-- Dependencies: 2062 2063 2064 5
-- Name: registro; Type: TABLE; Schema: public; Owner: postgres; Tablespace: 
--

CREATE TABLE registro (
    id integer NOT NULL,
    contexto character varying(1000),
    description text,
    creado timestamp without time zone DEFAULT now() NOT NULL,
    created timestamp without time zone DEFAULT now() NOT NULL,
    modified timestamp without time zone DEFAULT now() NOT NULL,
    created_by integer,
    modified_by integer
);


ALTER TABLE public.registro OWNER TO postgres;

--
-- TOC entry 183 (class 1259 OID 46380)
-- Dependencies: 5 184
-- Name: registro_id_seq; Type: SEQUENCE; Schema: public; Owner: postgres
--

CREATE SEQUENCE registro_id_seq
    START WITH 1
    INCREMENT BY 1
    NO MINVALUE
    NO MAXVALUE
    CACHE 1;


ALTER TABLE public.registro_id_seq OWNER TO postgres;

--
-- TOC entry 2222 (class 0 OID 0)
-- Dependencies: 183
-- Name: registro_id_seq; Type: SEQUENCE OWNED BY; Schema: public; Owner: postgres
--

ALTER SEQUENCE registro_id_seq OWNED BY registro.id;


--
-- TOC entry 182 (class 1259 OID 46345)
-- Dependencies: 2059 2060 5
-- Name: respuesta; Type: TABLE; Schema: public; Owner: postgres; Tablespace: 
--

CREATE TABLE respuesta (
    id integer NOT NULL,
    texto text,
    numero numeric,
    pregunta_id integer,
    description text,
    carga_id integer,
    name character varying(128),
    created timestamp without time zone DEFAULT now() NOT NULL,
    modified timestamp without time zone DEFAULT now() NOT NULL,
    created_by integer,
    modified_by integer
);


ALTER TABLE public.respuesta OWNER TO postgres;

--
-- TOC entry 181 (class 1259 OID 46343)
-- Dependencies: 182 5
-- Name: respuesta_id_seq; Type: SEQUENCE; Schema: public; Owner: postgres
--

CREATE SEQUENCE respuesta_id_seq
    START WITH 1
    INCREMENT BY 1
    NO MINVALUE
    NO MAXVALUE
    CACHE 1;


ALTER TABLE public.respuesta_id_seq OWNER TO postgres;

--
-- TOC entry 2223 (class 0 OID 0)
-- Dependencies: 181
-- Name: respuesta_id_seq; Type: SEQUENCE OWNED BY; Schema: public; Owner: postgres
--

ALTER SEQUENCE respuesta_id_seq OWNED BY respuesta.id;


--
-- TOC entry 202 (class 1259 OID 46747)
-- Dependencies: 5
-- Name: rights; Type: TABLE; Schema: public; Owner: postgres; Tablespace: 
--

CREATE TABLE rights (
    itemname character varying(64) NOT NULL,
    type integer NOT NULL,
    weight integer NOT NULL
);


ALTER TABLE public.rights OWNER TO postgres;

--
-- TOC entry 176 (class 1259 OID 46258)
-- Dependencies: 2050 2051 5
-- Name: tipo; Type: TABLE; Schema: public; Owner: postgres; Tablespace: 
--

CREATE TABLE tipo (
    id integer NOT NULL,
    name character varying(128),
    created timestamp without time zone DEFAULT now() NOT NULL,
    modified timestamp without time zone DEFAULT now() NOT NULL,
    created_by integer,
    modified_by integer
);


ALTER TABLE public.tipo OWNER TO postgres;

--
-- TOC entry 175 (class 1259 OID 46256)
-- Dependencies: 5 176
-- Name: tipo_id_seq; Type: SEQUENCE; Schema: public; Owner: postgres
--

CREATE SEQUENCE tipo_id_seq
    START WITH 1
    INCREMENT BY 1
    NO MINVALUE
    NO MAXVALUE
    CACHE 1;


ALTER TABLE public.tipo_id_seq OWNER TO postgres;

--
-- TOC entry 2224 (class 0 OID 0)
-- Dependencies: 175
-- Name: tipo_id_seq; Type: SEQUENCE OWNED BY; Schema: public; Owner: postgres
--

ALTER SEQUENCE tipo_id_seq OWNED BY tipo.id;


--
-- TOC entry 196 (class 1259 OID 46637)
-- Dependencies: 2081 2082 2083 2084 2085 5
-- Name: usuario; Type: TABLE; Schema: public; Owner: postgres; Tablespace: 
--

CREATE TABLE usuario (
    id integer NOT NULL,
    email character varying(256),
    username character varying(256) NOT NULL,
    password character varying(256) NOT NULL,
    name character varying(256),
    cedula character varying(256),
    address character varying(256),
    cellphone character varying(256),
    birthday timestamp without time zone,
    last_login_time timestamp without time zone,
    created timestamp without time zone DEFAULT now() NOT NULL,
    modified timestamp without time zone DEFAULT now() NOT NULL,
    created_by integer,
    modified_by integer,
    deleted boolean DEFAULT false,
    disabled boolean DEFAULT false NOT NULL,
    reset_password boolean DEFAULT false NOT NULL,
    first_name character varying(256),
    last_name character varying(256)
);


ALTER TABLE public.usuario OWNER TO postgres;

--
-- TOC entry 195 (class 1259 OID 46635)
-- Dependencies: 196 5
-- Name: usuario_id_seq; Type: SEQUENCE; Schema: public; Owner: postgres
--

CREATE SEQUENCE usuario_id_seq
    START WITH 1
    INCREMENT BY 1
    NO MINVALUE
    NO MAXVALUE
    CACHE 1;


ALTER TABLE public.usuario_id_seq OWNER TO postgres;

--
-- TOC entry 2225 (class 0 OID 0)
-- Dependencies: 195
-- Name: usuario_id_seq; Type: SEQUENCE OWNED BY; Schema: public; Owner: postgres
--

ALTER SEQUENCE usuario_id_seq OWNED BY usuario.id;


--
-- TOC entry 2028 (class 2604 OID 46158)
-- Dependencies: 162 161 162
-- Name: id; Type: DEFAULT; Schema: public; Owner: postgres
--

ALTER TABLE ONLY archivo ALTER COLUMN id SET DEFAULT nextval('archivo_id_seq'::regclass);


--
-- TOC entry 2068 (class 2604 OID 46417)
-- Dependencies: 187 188 188
-- Name: id; Type: DEFAULT; Schema: public; Owner: postgres
--

ALTER TABLE ONLY canton ALTER COLUMN id SET DEFAULT nextval('canton_id_seq'::regclass);


--
-- TOC entry 2037 (class 2604 OID 46192)
-- Dependencies: 168 167 168
-- Name: id; Type: DEFAULT; Schema: public; Owner: postgres
--

ALTER TABLE ONLY carga ALTER COLUMN id SET DEFAULT nextval('carga_id_seq'::regclass);


--
-- TOC entry 2086 (class 2604 OID 46664)
-- Dependencies: 198 197 198
-- Name: id; Type: DEFAULT; Schema: public; Owner: postgres
--

ALTER TABLE ONLY carrera ALTER COLUMN id SET DEFAULT nextval('carrera_id_seq'::regclass);


--
-- TOC entry 2040 (class 2604 OID 46217)
-- Dependencies: 170 169 170
-- Name: id; Type: DEFAULT; Schema: public; Owner: postgres
--

ALTER TABLE ONLY conocimiento_area ALTER COLUMN id SET DEFAULT nextval('conocimiento_area_id_seq'::regclass);


--
-- TOC entry 2043 (class 2604 OID 46230)
-- Dependencies: 172 171 172
-- Name: id; Type: DEFAULT; Schema: public; Owner: postgres
--

ALTER TABLE ONLY conocimiento_subarea ALTER COLUMN id SET DEFAULT nextval('conocimiento_subarea_id_seq'::regclass);


--
-- TOC entry 2077 (class 2604 OID 46606)
-- Dependencies: 193 194 194
-- Name: id; Type: DEFAULT; Schema: public; Owner: postgres
--

ALTER TABLE ONLY documento ALTER COLUMN id SET DEFAULT nextval('documento_id_seq'::regclass);


--
-- TOC entry 2034 (class 2604 OID 46184)
-- Dependencies: 165 166 166
-- Name: id; Type: DEFAULT; Schema: public; Owner: postgres
--

ALTER TABLE ONLY formulario ALTER COLUMN id SET DEFAULT nextval('formulario_id_seq'::regclass);


--
-- TOC entry 2031 (class 2604 OID 46171)
-- Dependencies: 163 164 164
-- Name: id; Type: DEFAULT; Schema: public; Owner: postgres
--

ALTER TABLE ONLY ies ALTER COLUMN id SET DEFAULT nextval('ies_id_seq'::regclass);


--
-- TOC entry 2074 (class 2604 OID 46572)
-- Dependencies: 192 191 192
-- Name: id; Type: DEFAULT; Schema: public; Owner: postgres
--

ALTER TABLE ONLY levantamiento ALTER COLUMN id SET DEFAULT nextval('levantamiento_id_seq'::regclass);


--
-- TOC entry 2055 (class 2604 OID 46315)
-- Dependencies: 179 180 180
-- Name: id; Type: DEFAULT; Schema: public; Owner: postgres
--

ALTER TABLE ONLY opcion ALTER COLUMN id SET DEFAULT nextval('opcion_id_seq'::regclass);


--
-- TOC entry 2046 (class 2604 OID 46248)
-- Dependencies: 173 174 174
-- Name: id; Type: DEFAULT; Schema: public; Owner: postgres
--

ALTER TABLE ONLY parametro ALTER COLUMN id SET DEFAULT nextval('parametro_id_seq'::regclass);


--
-- TOC entry 2071 (class 2604 OID 46432)
-- Dependencies: 189 190 190
-- Name: id; Type: DEFAULT; Schema: public; Owner: postgres
--

ALTER TABLE ONLY parroquia ALTER COLUMN id SET DEFAULT nextval('parroquia_id_seq'::regclass);


--
-- TOC entry 2052 (class 2604 OID 46287)
-- Dependencies: 177 178 178
-- Name: id; Type: DEFAULT; Schema: public; Owner: postgres
--

ALTER TABLE ONLY pregunta ALTER COLUMN id SET DEFAULT nextval('pregunta_id_seq'::regclass);


--
-- TOC entry 2065 (class 2604 OID 46407)
-- Dependencies: 185 186 186
-- Name: id; Type: DEFAULT; Schema: public; Owner: postgres
--

ALTER TABLE ONLY provincia ALTER COLUMN id SET DEFAULT nextval('provincia_id_seq'::regclass);


--
-- TOC entry 2061 (class 2604 OID 46385)
-- Dependencies: 183 184 184
-- Name: id; Type: DEFAULT; Schema: public; Owner: postgres
--

ALTER TABLE ONLY registro ALTER COLUMN id SET DEFAULT nextval('registro_id_seq'::regclass);


--
-- TOC entry 2058 (class 2604 OID 46348)
-- Dependencies: 181 182 182
-- Name: id; Type: DEFAULT; Schema: public; Owner: postgres
--

ALTER TABLE ONLY respuesta ALTER COLUMN id SET DEFAULT nextval('respuesta_id_seq'::regclass);


--
-- TOC entry 2049 (class 2604 OID 46261)
-- Dependencies: 175 176 176
-- Name: id; Type: DEFAULT; Schema: public; Owner: postgres
--

ALTER TABLE ONLY tipo ALTER COLUMN id SET DEFAULT nextval('tipo_id_seq'::regclass);


--
-- TOC entry 2080 (class 2604 OID 46640)
-- Dependencies: 196 195 196
-- Name: id; Type: DEFAULT; Schema: public; Owner: postgres
--

ALTER TABLE ONLY usuario ALTER COLUMN id SET DEFAULT nextval('usuario_id_seq'::regclass);


--
-- TOC entry 2155 (class 0 OID 46155)
-- Dependencies: 162 2196
-- Data for Name: archivo; Type: TABLE DATA; Schema: public; Owner: postgres
--

COPY archivo (id, name, md5, extension, created, modified, created_by, modified_by) FROM stdin;
\.


--
-- TOC entry 2226 (class 0 OID 0)
-- Dependencies: 161
-- Name: archivo_id_seq; Type: SEQUENCE SET; Schema: public; Owner: postgres
--

SELECT pg_catalog.setval('archivo_id_seq', 1, false);


--
-- TOC entry 2194 (class 0 OID 46727)
-- Dependencies: 201 2196
-- Data for Name: auth_assignment; Type: TABLE DATA; Schema: public; Owner: postgres
--

COPY auth_assignment (itemname, userid, bizrule, data) FROM stdin;
supervisor	2	\N	N;
representante	3	\N	N;
admin	1	\N	N;
autenticado	1	\N	N;
\.


--
-- TOC entry 2192 (class 0 OID 46694)
-- Dependencies: 199 2196
-- Data for Name: auth_item; Type: TABLE DATA; Schema: public; Owner: postgres
--

COPY auth_item (name, type, description, bizrule, data) FROM stdin;
supervisor	2	Supervisor	\N	N;
representante	2	Representante	\N	N;
admin	2	admin	\N	N;
autenticado	2	autenticado	\N	N;
invitado	2	invitado	\N	N;
Usuario.*	1	\N	\N	N;
Usuario.Update	0	\N	\N	N;
Usuario.Clave	0	\N	\N	N;
Usuario.Modificar	0	\N	\N	N;
Site.*	1	\N	\N	N;
Site.Index	0	\N	\N	N;
Site.Error	0	\N	\N	N;
Site.Contact	0	\N	\N	N;
Site.Login	0	\N	\N	N;
Site.Logout	0	\N	\N	N;
Usuario.View	0	\N	\N	N;
Usuario.Create	0	\N	\N	N;
Usuario.Delete	0	\N	\N	N;
Usuario.Index	0	\N	\N	N;
Usuario.Admin	0	\N	\N	N;
\.


--
-- TOC entry 2193 (class 0 OID 46702)
-- Dependencies: 200 2196
-- Data for Name: auth_item_child; Type: TABLE DATA; Schema: public; Owner: postgres
--

COPY auth_item_child (parent, child) FROM stdin;
invitado	Site.Login
invitado	Site.Contact
supervisor	autenticado
representante	autenticado
autenticado	Site.Logout
autenticado	Usuario.Clave
autenticado	Usuario.Modificar
autenticado	Site.Index
autenticado	Site.Error
supervisor	Usuario.Admin
supervisor	Usuario.Delete
supervisor	Usuario.Create
supervisor	Usuario.View
supervisor	Usuario.Update
\.


--
-- TOC entry 2181 (class 0 OID 46414)
-- Dependencies: 188 2196
-- Data for Name: canton; Type: TABLE DATA; Schema: public; Owner: postgres
--

COPY canton (id, code, name, provincia_id, created, modified, created_by, modified_by) FROM stdin;
583	9001	LAS GOLONDRINAS	26	2012-12-25 14:35:29.061965	2012-12-25 14:35:29.061965	\N	\N
584	9003	MANGA DEL CURA	26	2012-12-25 14:35:29.061965	2012-12-25 14:35:29.061965	\N	\N
585	9004	EL PIEDRERO	26	2012-12-25 14:35:29.061965	2012-12-25 14:35:29.061965	\N	\N
354	0101	CUENCA	1	2012-12-25 14:21:01.657294	2012-12-25 14:21:01.657294	\N	\N
355	0102	GIRÓN	1	2012-12-25 14:21:01.657294	2012-12-25 14:21:01.657294	\N	\N
356	0103	GUALACEO	1	2012-12-25 14:21:01.657294	2012-12-25 14:21:01.657294	\N	\N
357	0104	NABÓN	1	2012-12-25 14:21:01.657294	2012-12-25 14:21:01.657294	\N	\N
358	0105	PAUTE	1	2012-12-25 14:21:01.657294	2012-12-25 14:21:01.657294	\N	\N
359	0106	PUCARA	1	2012-12-25 14:21:01.657294	2012-12-25 14:21:01.657294	\N	\N
360	0107	SAN FERNANDO	1	2012-12-25 14:21:01.657294	2012-12-25 14:21:01.657294	\N	\N
361	0108	SANTA ISABEL	1	2012-12-25 14:21:01.657294	2012-12-25 14:21:01.657294	\N	\N
362	0109	SIGSIG	1	2012-12-25 14:21:01.657294	2012-12-25 14:21:01.657294	\N	\N
363	0110	OÑA	1	2012-12-25 14:21:01.657294	2012-12-25 14:21:01.657294	\N	\N
364	0111	CHORDELEG	1	2012-12-25 14:21:01.657294	2012-12-25 14:21:01.657294	\N	\N
365	0112	EL PAN	1	2012-12-25 14:21:01.657294	2012-12-25 14:21:01.657294	\N	\N
366	0113	SEVILLA DE ORO	1	2012-12-25 14:21:01.657294	2012-12-25 14:21:01.657294	\N	\N
367	0114	GUACHAPALA	1	2012-12-25 14:21:01.657294	2012-12-25 14:21:01.657294	\N	\N
368	0115	CAMILO PONCE ENRÍQUEZ	1	2012-12-25 14:21:01.657294	2012-12-25 14:21:01.657294	\N	\N
369	0201	GUARANDA	2	2012-12-25 14:21:01.657294	2012-12-25 14:21:01.657294	\N	\N
370	0202	CHILLANES	2	2012-12-25 14:21:01.657294	2012-12-25 14:21:01.657294	\N	\N
371	0203	CHIMBO	2	2012-12-25 14:21:01.657294	2012-12-25 14:21:01.657294	\N	\N
372	0204	ECHEANDÍA	2	2012-12-25 14:21:01.657294	2012-12-25 14:21:01.657294	\N	\N
373	0205	SAN MIGUEL	2	2012-12-25 14:21:01.657294	2012-12-25 14:21:01.657294	\N	\N
374	0206	CALUMA	2	2012-12-25 14:21:01.657294	2012-12-25 14:21:01.657294	\N	\N
375	0207	LAS NAVES	2	2012-12-25 14:21:01.657294	2012-12-25 14:21:01.657294	\N	\N
376	0301	AZOGUES	3	2012-12-25 14:21:01.657294	2012-12-25 14:21:01.657294	\N	\N
377	0302	BIBLIÁN	3	2012-12-25 14:21:01.657294	2012-12-25 14:21:01.657294	\N	\N
378	0303	CAÑAR	3	2012-12-25 14:21:01.657294	2012-12-25 14:21:01.657294	\N	\N
379	0304	LA TRONCAL	3	2012-12-25 14:21:01.657294	2012-12-25 14:21:01.657294	\N	\N
380	0305	EL TAMBO	3	2012-12-25 14:21:01.657294	2012-12-25 14:21:01.657294	\N	\N
381	0306	DÉLEG	3	2012-12-25 14:21:01.657294	2012-12-25 14:21:01.657294	\N	\N
382	0307	SUSCAL	3	2012-12-25 14:21:01.657294	2012-12-25 14:21:01.657294	\N	\N
383	0401	TULCÁN	4	2012-12-25 14:21:01.657294	2012-12-25 14:21:01.657294	\N	\N
384	0402	BOLÍVAR	4	2012-12-25 14:21:01.657294	2012-12-25 14:21:01.657294	\N	\N
385	0403	ESPEJO	4	2012-12-25 14:21:01.657294	2012-12-25 14:21:01.657294	\N	\N
386	0404	MIRA	4	2012-12-25 14:21:01.657294	2012-12-25 14:21:01.657294	\N	\N
387	0405	MONTÚFAR	4	2012-12-25 14:21:01.657294	2012-12-25 14:21:01.657294	\N	\N
388	0406	SAN PEDRO DE HUACA	4	2012-12-25 14:21:01.657294	2012-12-25 14:21:01.657294	\N	\N
389	0501	LATACUNGA	5	2012-12-25 14:21:01.657294	2012-12-25 14:21:01.657294	\N	\N
390	0502	LA MANÁ	5	2012-12-25 14:21:01.657294	2012-12-25 14:21:01.657294	\N	\N
391	0503	PANGUA	5	2012-12-25 14:21:01.657294	2012-12-25 14:21:01.657294	\N	\N
392	0504	PUJILI	5	2012-12-25 14:21:01.657294	2012-12-25 14:21:01.657294	\N	\N
393	0505	SALCEDO	5	2012-12-25 14:21:01.657294	2012-12-25 14:21:01.657294	\N	\N
394	0506	SAQUISILÍ	5	2012-12-25 14:21:01.657294	2012-12-25 14:21:01.657294	\N	\N
395	0507	SIGCHOS	5	2012-12-25 14:21:01.657294	2012-12-25 14:21:01.657294	\N	\N
396	0601	RIOBAMBA	6	2012-12-25 14:21:01.657294	2012-12-25 14:21:01.657294	\N	\N
397	0602	ALAUSI	6	2012-12-25 14:21:01.657294	2012-12-25 14:21:01.657294	\N	\N
398	0603	COLTA	6	2012-12-25 14:21:01.657294	2012-12-25 14:21:01.657294	\N	\N
399	0604	CHAMBO	6	2012-12-25 14:21:01.657294	2012-12-25 14:21:01.657294	\N	\N
400	0605	CHUNCHI	6	2012-12-25 14:21:01.657294	2012-12-25 14:21:01.657294	\N	\N
401	0606	GUAMOTE	6	2012-12-25 14:21:01.657294	2012-12-25 14:21:01.657294	\N	\N
402	0607	GUANO	6	2012-12-25 14:21:01.657294	2012-12-25 14:21:01.657294	\N	\N
403	0608	PALLATANGA	6	2012-12-25 14:21:01.657294	2012-12-25 14:21:01.657294	\N	\N
404	0609	PENIPE	6	2012-12-25 14:21:01.657294	2012-12-25 14:21:01.657294	\N	\N
405	0610	CUMANDÁ	6	2012-12-25 14:21:01.657294	2012-12-25 14:21:01.657294	\N	\N
406	0701	MACHALA	7	2012-12-25 14:21:01.657294	2012-12-25 14:21:01.657294	\N	\N
407	0702	ARENILLAS	7	2012-12-25 14:21:01.657294	2012-12-25 14:21:01.657294	\N	\N
408	0703	ATAHUALPA	7	2012-12-25 14:21:01.657294	2012-12-25 14:21:01.657294	\N	\N
409	0704	BALSAS	7	2012-12-25 14:21:01.657294	2012-12-25 14:21:01.657294	\N	\N
410	0705	CHILLA	7	2012-12-25 14:21:01.657294	2012-12-25 14:21:01.657294	\N	\N
411	0706	EL GUABO	7	2012-12-25 14:21:01.657294	2012-12-25 14:21:01.657294	\N	\N
412	0707	HUAQUILLAS	7	2012-12-25 14:21:01.657294	2012-12-25 14:21:01.657294	\N	\N
413	0708	MARCABELÍ	7	2012-12-25 14:21:01.657294	2012-12-25 14:21:01.657294	\N	\N
414	0709	PASAJE	7	2012-12-25 14:21:01.657294	2012-12-25 14:21:01.657294	\N	\N
415	0710	PIÑAS	7	2012-12-25 14:21:01.657294	2012-12-25 14:21:01.657294	\N	\N
416	0711	PORTOVELO	7	2012-12-25 14:21:01.657294	2012-12-25 14:21:01.657294	\N	\N
417	0712	SANTA ROSA	7	2012-12-25 14:21:01.657294	2012-12-25 14:21:01.657294	\N	\N
418	0713	ZARUMA	7	2012-12-25 14:21:01.657294	2012-12-25 14:21:01.657294	\N	\N
419	0714	LAS LAJAS	7	2012-12-25 14:21:01.657294	2012-12-25 14:21:01.657294	\N	\N
420	0801	ESMERALDAS	8	2012-12-25 14:21:01.657294	2012-12-25 14:21:01.657294	\N	\N
421	0802	ELOY ALFARO	8	2012-12-25 14:21:01.657294	2012-12-25 14:21:01.657294	\N	\N
422	0803	MUISNE	8	2012-12-25 14:21:01.657294	2012-12-25 14:21:01.657294	\N	\N
423	0804	QUININDÉ	8	2012-12-25 14:21:01.657294	2012-12-25 14:21:01.657294	\N	\N
424	0805	SAN LORENZO	8	2012-12-25 14:21:01.657294	2012-12-25 14:21:01.657294	\N	\N
425	0806	ATACAMES	8	2012-12-25 14:21:01.657294	2012-12-25 14:21:01.657294	\N	\N
426	0807	RIOVERDE	8	2012-12-25 14:21:01.657294	2012-12-25 14:21:01.657294	\N	\N
427	0808	LA CONCORDIA	8	2012-12-25 14:21:01.657294	2012-12-25 14:21:01.657294	\N	\N
428	0901	GUAYAQUIL	9	2012-12-25 14:21:01.657294	2012-12-25 14:21:01.657294	\N	\N
429	0902	ALFREDO BAQUERIZO MORENO (JUJÁN)	9	2012-12-25 14:21:01.657294	2012-12-25 14:21:01.657294	\N	\N
430	0903	BALAO	9	2012-12-25 14:21:01.657294	2012-12-25 14:21:01.657294	\N	\N
431	0904	BALZAR	9	2012-12-25 14:21:01.657294	2012-12-25 14:21:01.657294	\N	\N
432	0905	COLIMES	9	2012-12-25 14:21:01.657294	2012-12-25 14:21:01.657294	\N	\N
433	0906	DAULE	9	2012-12-25 14:21:01.657294	2012-12-25 14:21:01.657294	\N	\N
434	0907	DURÁN	9	2012-12-25 14:21:01.657294	2012-12-25 14:21:01.657294	\N	\N
435	0908	EL EMPALME	9	2012-12-25 14:21:01.657294	2012-12-25 14:21:01.657294	\N	\N
436	0909	EL TRIUNFO	9	2012-12-25 14:21:01.657294	2012-12-25 14:21:01.657294	\N	\N
437	0910	MILAGRO	9	2012-12-25 14:21:01.657294	2012-12-25 14:21:01.657294	\N	\N
438	0911	NARANJAL	9	2012-12-25 14:21:01.657294	2012-12-25 14:21:01.657294	\N	\N
439	0912	NARANJITO	9	2012-12-25 14:21:01.657294	2012-12-25 14:21:01.657294	\N	\N
440	0913	PALESTINA	9	2012-12-25 14:21:01.657294	2012-12-25 14:21:01.657294	\N	\N
441	0914	PEDRO CARBO	9	2012-12-25 14:21:01.657294	2012-12-25 14:21:01.657294	\N	\N
442	0915	SALINAS	9	2012-12-25 14:21:01.657294	2012-12-25 14:21:01.657294	\N	\N
443	0916	SAMBORONDÓN	9	2012-12-25 14:21:01.657294	2012-12-25 14:21:01.657294	\N	\N
444	0917	SANTA ELENA	9	2012-12-25 14:21:01.657294	2012-12-25 14:21:01.657294	\N	\N
445	0918	SANTA LUCÍA	9	2012-12-25 14:21:01.657294	2012-12-25 14:21:01.657294	\N	\N
446	0919	SALITRE (URBINA JADO)	9	2012-12-25 14:21:01.657294	2012-12-25 14:21:01.657294	\N	\N
447	0920	SAN JACINTO DE YAGUACHI	9	2012-12-25 14:21:01.657294	2012-12-25 14:21:01.657294	\N	\N
448	0921	PLAYAS	9	2012-12-25 14:21:01.657294	2012-12-25 14:21:01.657294	\N	\N
449	0922	SIMÓN BOLÍVAR	9	2012-12-25 14:21:01.657294	2012-12-25 14:21:01.657294	\N	\N
450	0923	CORONEL MARCELINO MARIDUEÑA	9	2012-12-25 14:21:01.657294	2012-12-25 14:21:01.657294	\N	\N
451	0924	LOMAS DE SARGENTILLO	9	2012-12-25 14:21:01.657294	2012-12-25 14:21:01.657294	\N	\N
452	0925	NOBOL	9	2012-12-25 14:21:01.657294	2012-12-25 14:21:01.657294	\N	\N
453	0926	LA LIBERTAD	9	2012-12-25 14:21:01.657294	2012-12-25 14:21:01.657294	\N	\N
454	0927	GENERAL ANTONIO ELIZALDE	9	2012-12-25 14:21:01.657294	2012-12-25 14:21:01.657294	\N	\N
455	0928	ISIDRO AYORA	9	2012-12-25 14:21:01.657294	2012-12-25 14:21:01.657294	\N	\N
456	1001	IBARRA	10	2012-12-25 14:21:01.657294	2012-12-25 14:21:01.657294	\N	\N
457	1002	ANTONIO ANTE	10	2012-12-25 14:21:01.657294	2012-12-25 14:21:01.657294	\N	\N
458	1003	COTACACHI	10	2012-12-25 14:21:01.657294	2012-12-25 14:21:01.657294	\N	\N
459	1004	OTAVALO	10	2012-12-25 14:21:01.657294	2012-12-25 14:21:01.657294	\N	\N
460	1005	PIMAMPIRO	10	2012-12-25 14:21:01.657294	2012-12-25 14:21:01.657294	\N	\N
461	1006	SAN MIGUEL DE URCUQUÍ	10	2012-12-25 14:21:01.657294	2012-12-25 14:21:01.657294	\N	\N
462	1101	LOJA	11	2012-12-25 14:21:01.657294	2012-12-25 14:21:01.657294	\N	\N
463	1102	CALVAS	11	2012-12-25 14:21:01.657294	2012-12-25 14:21:01.657294	\N	\N
464	1103	CATAMAYO	11	2012-12-25 14:21:01.657294	2012-12-25 14:21:01.657294	\N	\N
465	1104	CELICA	11	2012-12-25 14:21:01.657294	2012-12-25 14:21:01.657294	\N	\N
466	1105	CHAGUARPAMBA	11	2012-12-25 14:21:01.657294	2012-12-25 14:21:01.657294	\N	\N
467	1106	ESPÍNDOLA	11	2012-12-25 14:21:01.657294	2012-12-25 14:21:01.657294	\N	\N
468	1107	GONZANAMÁ	11	2012-12-25 14:21:01.657294	2012-12-25 14:21:01.657294	\N	\N
469	1108	MACARÁ	11	2012-12-25 14:21:01.657294	2012-12-25 14:21:01.657294	\N	\N
470	1109	PALTAS	11	2012-12-25 14:21:01.657294	2012-12-25 14:21:01.657294	\N	\N
471	1110	PUYANGO	11	2012-12-25 14:21:01.657294	2012-12-25 14:21:01.657294	\N	\N
472	1111	SARAGURO	11	2012-12-25 14:21:01.657294	2012-12-25 14:21:01.657294	\N	\N
473	1112	SOZORANGA	11	2012-12-25 14:21:01.657294	2012-12-25 14:21:01.657294	\N	\N
474	1113	ZAPOTILLO	11	2012-12-25 14:21:01.657294	2012-12-25 14:21:01.657294	\N	\N
475	1114	PINDAL	11	2012-12-25 14:21:01.657294	2012-12-25 14:21:01.657294	\N	\N
476	1115	QUILANGA	11	2012-12-25 14:21:01.657294	2012-12-25 14:21:01.657294	\N	\N
477	1116	OLMEDO	11	2012-12-25 14:21:01.657294	2012-12-25 14:21:01.657294	\N	\N
478	1201	BABAHOYO	12	2012-12-25 14:21:01.657294	2012-12-25 14:21:01.657294	\N	\N
479	1202	BABA	12	2012-12-25 14:21:01.657294	2012-12-25 14:21:01.657294	\N	\N
480	1203	MONTALVO	12	2012-12-25 14:21:01.657294	2012-12-25 14:21:01.657294	\N	\N
481	1204	PUEBLOVIEJO	12	2012-12-25 14:21:01.657294	2012-12-25 14:21:01.657294	\N	\N
482	1205	QUEVEDO	12	2012-12-25 14:21:01.657294	2012-12-25 14:21:01.657294	\N	\N
483	1206	URDANETA	12	2012-12-25 14:21:01.657294	2012-12-25 14:21:01.657294	\N	\N
484	1207	VENTANAS	12	2012-12-25 14:21:01.657294	2012-12-25 14:21:01.657294	\N	\N
485	1208	VÍNCES	12	2012-12-25 14:21:01.657294	2012-12-25 14:21:01.657294	\N	\N
486	1209	PALENQUE	12	2012-12-25 14:21:01.657294	2012-12-25 14:21:01.657294	\N	\N
487	1210	BUENA FÉ	12	2012-12-25 14:21:01.657294	2012-12-25 14:21:01.657294	\N	\N
488	1211	VALENCIA	12	2012-12-25 14:21:01.657294	2012-12-25 14:21:01.657294	\N	\N
489	1212	MOCACHE	12	2012-12-25 14:21:01.657294	2012-12-25 14:21:01.657294	\N	\N
490	1213	QUINSALOMA	12	2012-12-25 14:21:01.657294	2012-12-25 14:21:01.657294	\N	\N
491	1301	PORTOVIEJO	13	2012-12-25 14:21:01.657294	2012-12-25 14:21:01.657294	\N	\N
492	1302	BOLÍVAR	13	2012-12-25 14:21:01.657294	2012-12-25 14:21:01.657294	\N	\N
493	1303	CHONE	13	2012-12-25 14:21:01.657294	2012-12-25 14:21:01.657294	\N	\N
494	1304	EL CARMEN	13	2012-12-25 14:21:01.657294	2012-12-25 14:21:01.657294	\N	\N
495	1305	FLAVIO ALFARO	13	2012-12-25 14:21:01.657294	2012-12-25 14:21:01.657294	\N	\N
496	1306	JIPIJAPA	13	2012-12-25 14:21:01.657294	2012-12-25 14:21:01.657294	\N	\N
497	1307	JUNÍN	13	2012-12-25 14:21:01.657294	2012-12-25 14:21:01.657294	\N	\N
498	1308	MANTA	13	2012-12-25 14:21:01.657294	2012-12-25 14:21:01.657294	\N	\N
499	1309	MONTECRISTI	13	2012-12-25 14:21:01.657294	2012-12-25 14:21:01.657294	\N	\N
500	1310	PAJÁN	13	2012-12-25 14:21:01.657294	2012-12-25 14:21:01.657294	\N	\N
501	1311	PICHINCHA	13	2012-12-25 14:21:01.657294	2012-12-25 14:21:01.657294	\N	\N
502	1312	ROCAFUERTE	13	2012-12-25 14:21:01.657294	2012-12-25 14:21:01.657294	\N	\N
503	1313	SANTA ANA	13	2012-12-25 14:21:01.657294	2012-12-25 14:21:01.657294	\N	\N
504	1314	SUCRE	13	2012-12-25 14:21:01.657294	2012-12-25 14:21:01.657294	\N	\N
505	1315	TOSAGUA	13	2012-12-25 14:21:01.657294	2012-12-25 14:21:01.657294	\N	\N
506	1316	24 DE MAYO	13	2012-12-25 14:21:01.657294	2012-12-25 14:21:01.657294	\N	\N
507	1317	PEDERNALES	13	2012-12-25 14:21:01.657294	2012-12-25 14:21:01.657294	\N	\N
508	1318	OLMEDO	13	2012-12-25 14:21:01.657294	2012-12-25 14:21:01.657294	\N	\N
509	1319	PUERTO LÓPEZ	13	2012-12-25 14:21:01.657294	2012-12-25 14:21:01.657294	\N	\N
510	1320	JAMA	13	2012-12-25 14:21:01.657294	2012-12-25 14:21:01.657294	\N	\N
511	1321	JARAMIJÓ	13	2012-12-25 14:21:01.657294	2012-12-25 14:21:01.657294	\N	\N
512	1322	SAN VICENTE	13	2012-12-25 14:21:01.657294	2012-12-25 14:21:01.657294	\N	\N
513	1401	MORONA	14	2012-12-25 14:21:01.657294	2012-12-25 14:21:01.657294	\N	\N
514	1402	GUALAQUIZA	14	2012-12-25 14:21:01.657294	2012-12-25 14:21:01.657294	\N	\N
515	1403	LIMÓN INDANZA	14	2012-12-25 14:21:01.657294	2012-12-25 14:21:01.657294	\N	\N
516	1404	PALORA	14	2012-12-25 14:21:01.657294	2012-12-25 14:21:01.657294	\N	\N
517	1405	SANTIAGO	14	2012-12-25 14:21:01.657294	2012-12-25 14:21:01.657294	\N	\N
518	1406	SUCÚA	14	2012-12-25 14:21:01.657294	2012-12-25 14:21:01.657294	\N	\N
519	1407	HUAMBOYA	14	2012-12-25 14:21:01.657294	2012-12-25 14:21:01.657294	\N	\N
520	1408	SAN JUAN BOSCO	14	2012-12-25 14:21:01.657294	2012-12-25 14:21:01.657294	\N	\N
521	1409	TAISHA	14	2012-12-25 14:21:01.657294	2012-12-25 14:21:01.657294	\N	\N
522	1410	LOGROÑO	14	2012-12-25 14:21:01.657294	2012-12-25 14:21:01.657294	\N	\N
523	1411	PABLO SEXTO	14	2012-12-25 14:21:01.657294	2012-12-25 14:21:01.657294	\N	\N
524	1412	TIWINTZA	14	2012-12-25 14:21:01.657294	2012-12-25 14:21:01.657294	\N	\N
525	1501	TENA	15	2012-12-25 14:21:01.657294	2012-12-25 14:21:01.657294	\N	\N
526	1502	CANTÓN AGUARICO	15	2012-12-25 14:21:01.657294	2012-12-25 14:21:01.657294	\N	\N
527	1503	ARCHIDONA	15	2012-12-25 14:21:01.657294	2012-12-25 14:21:01.657294	\N	\N
528	1504	EL CHACO	15	2012-12-25 14:21:01.657294	2012-12-25 14:21:01.657294	\N	\N
529	1505	CANTÓN LA JOYA DE LOS SACHAS	15	2012-12-25 14:21:01.657294	2012-12-25 14:21:01.657294	\N	\N
530	1506	CANTÓN ORELLANA	15	2012-12-25 14:21:01.657294	2012-12-25 14:21:01.657294	\N	\N
531	1507	QUIJOS	15	2012-12-25 14:21:01.657294	2012-12-25 14:21:01.657294	\N	\N
532	1508	CANTÓN LORETO	15	2012-12-25 14:21:01.657294	2012-12-25 14:21:01.657294	\N	\N
533	1509	CARLOS JULIO AROSEMENA TOLA	15	2012-12-25 14:21:01.657294	2012-12-25 14:21:01.657294	\N	\N
534	1601	PASTAZA	16	2012-12-25 14:21:01.657294	2012-12-25 14:21:01.657294	\N	\N
535	1602	MERA	16	2012-12-25 14:21:01.657294	2012-12-25 14:21:01.657294	\N	\N
536	1603	SANTA CLARA	16	2012-12-25 14:21:01.657294	2012-12-25 14:21:01.657294	\N	\N
537	1604	ARAJUNO	16	2012-12-25 14:21:01.657294	2012-12-25 14:21:01.657294	\N	\N
538	1701	QUITO	17	2012-12-25 14:21:01.657294	2012-12-25 14:21:01.657294	\N	\N
539	1702	CAYAMBE	17	2012-12-25 14:21:01.657294	2012-12-25 14:21:01.657294	\N	\N
540	1703	MEJIA	17	2012-12-25 14:21:01.657294	2012-12-25 14:21:01.657294	\N	\N
541	1704	PEDRO MONCAYO	17	2012-12-25 14:21:01.657294	2012-12-25 14:21:01.657294	\N	\N
542	1705	RUMIÑAHUI	17	2012-12-25 14:21:01.657294	2012-12-25 14:21:01.657294	\N	\N
543	1706	SANTO DOMINGO	17	2012-12-25 14:21:01.657294	2012-12-25 14:21:01.657294	\N	\N
544	1707	SAN MIGUEL DE LOS BANCOS	17	2012-12-25 14:21:01.657294	2012-12-25 14:21:01.657294	\N	\N
545	1708	PEDRO VICENTE MALDONADO	17	2012-12-25 14:21:01.657294	2012-12-25 14:21:01.657294	\N	\N
546	1709	PUERTO QUITO	17	2012-12-25 14:21:01.657294	2012-12-25 14:21:01.657294	\N	\N
547	1801	AMBATO	18	2012-12-25 14:21:01.657294	2012-12-25 14:21:01.657294	\N	\N
548	1802	 BAÑOS DE AGUA SANTA	18	2012-12-25 14:21:01.657294	2012-12-25 14:21:01.657294	\N	\N
549	1803	CEVALLOS	18	2012-12-25 14:21:01.657294	2012-12-25 14:21:01.657294	\N	\N
550	1804	MOCHA	18	2012-12-25 14:21:01.657294	2012-12-25 14:21:01.657294	\N	\N
551	1805	PATATE	18	2012-12-25 14:21:01.657294	2012-12-25 14:21:01.657294	\N	\N
552	1806	QUERO	18	2012-12-25 14:21:01.657294	2012-12-25 14:21:01.657294	\N	\N
553	1807	SAN PEDRO DE PELILEO	18	2012-12-25 14:21:01.657294	2012-12-25 14:21:01.657294	\N	\N
554	1808	SANTIAGO DE PÍLLARO	18	2012-12-25 14:21:01.657294	2012-12-25 14:21:01.657294	\N	\N
555	1809	TISALEO	18	2012-12-25 14:21:01.657294	2012-12-25 14:21:01.657294	\N	\N
556	1901	ZAMORA	19	2012-12-25 14:21:01.657294	2012-12-25 14:21:01.657294	\N	\N
557	1902	CHINCHIPE	19	2012-12-25 14:21:01.657294	2012-12-25 14:21:01.657294	\N	\N
558	1903	NANGARITZA	19	2012-12-25 14:21:01.657294	2012-12-25 14:21:01.657294	\N	\N
559	1904	YACUAMBI	19	2012-12-25 14:21:01.657294	2012-12-25 14:21:01.657294	\N	\N
560	1905	YANTZAZA (YANZATZA)	19	2012-12-25 14:21:01.657294	2012-12-25 14:21:01.657294	\N	\N
561	1906	EL PANGUI	19	2012-12-25 14:21:01.657294	2012-12-25 14:21:01.657294	\N	\N
562	1907	CENTINELA DEL CÓNDOR	19	2012-12-25 14:21:01.657294	2012-12-25 14:21:01.657294	\N	\N
563	1908	PALANDA	19	2012-12-25 14:21:01.657294	2012-12-25 14:21:01.657294	\N	\N
564	1909	PAQUISHA	19	2012-12-25 14:21:01.657294	2012-12-25 14:21:01.657294	\N	\N
565	2001	SAN CRISTÓBAL	20	2012-12-25 14:21:01.657294	2012-12-25 14:21:01.657294	\N	\N
566	2002	ISABELA	20	2012-12-25 14:21:01.657294	2012-12-25 14:21:01.657294	\N	\N
567	2003	SANTA CRUZ	20	2012-12-25 14:21:01.657294	2012-12-25 14:21:01.657294	\N	\N
568	2101	LAGO AGRIO	21	2012-12-25 14:21:01.657294	2012-12-25 14:21:01.657294	\N	\N
569	2102	GONZALO PIZARRO	21	2012-12-25 14:21:01.657294	2012-12-25 14:21:01.657294	\N	\N
570	2103	PUTUMAYO	21	2012-12-25 14:21:01.657294	2012-12-25 14:21:01.657294	\N	\N
571	2104	SHUSHUFINDI	21	2012-12-25 14:21:01.657294	2012-12-25 14:21:01.657294	\N	\N
572	2105	SUCUMBÍOS	21	2012-12-25 14:21:01.657294	2012-12-25 14:21:01.657294	\N	\N
573	2106	CASCALES	21	2012-12-25 14:21:01.657294	2012-12-25 14:21:01.657294	\N	\N
574	2107	CUYABENO	21	2012-12-25 14:21:01.657294	2012-12-25 14:21:01.657294	\N	\N
575	2201	ORELLANA	22	2012-12-25 14:21:01.657294	2012-12-25 14:21:01.657294	\N	\N
576	2202	AGUARICO	22	2012-12-25 14:21:01.657294	2012-12-25 14:21:01.657294	\N	\N
577	2203	LA JOYA DE LOS SACHAS	22	2012-12-25 14:21:01.657294	2012-12-25 14:21:01.657294	\N	\N
578	2204	LORETO	22	2012-12-25 14:21:01.657294	2012-12-25 14:21:01.657294	\N	\N
579	2301	SANTO DOMINGO	23	2012-12-25 14:21:01.657294	2012-12-25 14:21:01.657294	\N	\N
580	2401	SANTA ELENA	24	2012-12-25 14:21:01.657294	2012-12-25 14:21:01.657294	\N	\N
581	2402	LA LIBERTAD	24	2012-12-25 14:21:01.657294	2012-12-25 14:21:01.657294	\N	\N
582	2403	SALINAS	24	2012-12-25 14:21:01.657294	2012-12-25 14:21:01.657294	\N	\N
\.


--
-- TOC entry 2227 (class 0 OID 0)
-- Dependencies: 187
-- Name: canton_id_seq; Type: SEQUENCE SET; Schema: public; Owner: postgres
--

SELECT pg_catalog.setval('canton_id_seq', 585, true);


--
-- TOC entry 2161 (class 0 OID 46189)
-- Dependencies: 168 2196
-- Data for Name: carga; Type: TABLE DATA; Schema: public; Owner: postgres
--

COPY carga (id, archivo_id, ies_id, formulario_id, created, modified, created_by, modified_by, documento_id) FROM stdin;
\.


--
-- TOC entry 2228 (class 0 OID 0)
-- Dependencies: 167
-- Name: carga_id_seq; Type: SEQUENCE SET; Schema: public; Owner: postgres
--

SELECT pg_catalog.setval('carga_id_seq', 1, false);


--
-- TOC entry 2191 (class 0 OID 46661)
-- Dependencies: 198 2196
-- Data for Name: carrera; Type: TABLE DATA; Schema: public; Owner: postgres
--

COPY carrera (id, name, code, description, ies_id, created, modified, created_by, modified_by) FROM stdin;
\.


--
-- TOC entry 2229 (class 0 OID 0)
-- Dependencies: 197
-- Name: carrera_id_seq; Type: SEQUENCE SET; Schema: public; Owner: postgres
--

SELECT pg_catalog.setval('carrera_id_seq', 1, false);


--
-- TOC entry 2163 (class 0 OID 46214)
-- Dependencies: 170 2196
-- Data for Name: conocimiento_area; Type: TABLE DATA; Schema: public; Owner: postgres
--

COPY conocimiento_area (id, code, name, description, created, modified, created_by, modified_by) FROM stdin;
1	1	Educación	\N	2012-12-25 08:02:02.626297	2012-12-25 08:02:02.626297	\N	\N
2	2	Humanidades y artes	\N	2012-12-25 08:02:02.626297	2012-12-25 08:02:02.626297	\N	\N
3	3	Ciencias sociales, educación comercial y derecho	\N	2012-12-25 08:02:02.626297	2012-12-25 08:02:02.626297	\N	\N
4	4	Ciencias	\N	2012-12-25 08:02:02.626297	2012-12-25 08:02:02.626297	\N	\N
5	5	Ingeniería, industria y construcción	\N	2012-12-25 08:02:02.626297	2012-12-25 08:02:02.626297	\N	\N
6	6	Agricultura	\N	2012-12-25 08:02:02.626297	2012-12-25 08:02:02.626297	\N	\N
7	7	Salud y servicios sociales	\N	2012-12-25 08:02:02.626297	2012-12-25 08:02:02.626297	\N	\N
8	8	Servicios	\N	2012-12-25 08:02:02.626297	2012-12-25 08:02:02.626297	\N	\N
9	9	Sectores desconocidos no especificados	\N	2012-12-25 08:02:02.626297	2012-12-25 08:02:02.626297	\N	\N
0	0	Programas generales	\N	2012-12-25 08:02:02.626297	2012-12-25 08:02:02.626297	\N	\N
\.


--
-- TOC entry 2230 (class 0 OID 0)
-- Dependencies: 169
-- Name: conocimiento_area_id_seq; Type: SEQUENCE SET; Schema: public; Owner: postgres
--

SELECT pg_catalog.setval('conocimiento_area_id_seq', 10, true);


--
-- TOC entry 2165 (class 0 OID 46227)
-- Dependencies: 172 2196
-- Data for Name: conocimiento_subarea; Type: TABLE DATA; Schema: public; Owner: postgres
--

COPY conocimiento_subarea (id, code, name, description, conocimiento_area_id, created, modified, created_by, modified_by) FROM stdin;
1	1	Programas básicos	Programas básicos de enseñanza preescolar, elemental, primaria, secundaria, etc.	0	2012-12-25 08:07:27.989012	2012-12-25 08:07:27.989012	\N	\N
2	8	Programas de alfabetización y de aritmética	Alfabetización simple y funcional; aritmética elemental	0	2012-12-25 08:07:27.989012	2012-12-25 08:07:27.989012	\N	\N
3	9	Desarrollo personal	Desarrollo de destrezas personales, por ejemplo, capacidad de comportamiento, aptitudes intelectuales, capacidad organizativa, programas de orientación.	0	2012-12-25 08:07:27.989012	2012-12-25 08:07:27.989012	\N	\N
4	14	Formación de personal docente y ciencias de la educación	Formación de personal docente para: educación preescolar; jardines de infancia; escuelas elementales; asignaturas profesionales, prácticas y no profesionales; educación de adultos; formación de personal docente; formación de maestros de niños minusválidos. Programas generales y especializados de formación de personal docente. Ciencias de la educación: elaboración de programas de estudio de materias no profesionales y profesionales. Evaluación de conocimientos, pruebas y mediciones, investigaciones sobre educación; otros programas relacionados con las ciencias de la educación.	1	2012-12-25 08:07:27.989012	2012-12-25 08:07:27.989012	\N	\N
5	21	Artes	Bellas artes: dibujo, pintura y escultura; Artes del espectáculo: música, arte dramático, danza, circo; Artes gráficas y audiovisuales: fotografía, cinematografía, producción musical, producción de radio y televisión, impresión y publicación. Diseño; artesanía.	2	2012-12-25 08:07:27.989012	2012-12-25 08:07:27.989012	\N	\N
6	22	Humanidades	Religión y teología; lenguas y culturas extranjeras: lenguas vivas o muertas y sus respectivas literaturas, estudios regionales interdisciplinarios; Lenguas autóctonas: lenguas corrientes o vernáculas y su literatura Otros programas de humanidades: interpretación y traducción, lingüística, literatura comparada, historia, arqueología, filosofía, ética.	2	2012-12-25 08:07:27.989012	2012-12-25 08:07:27.989012	\N	\N
7	31	Ciencias sociales y del comportamiento	Economía, historia de la economía, ciencias políticas, sociología, demografía, antropología (excepto antropología física), etnología, futurología, psicología, geografía(excepto geografía física), estudios sobre paz y conflictos, derechos humanos.	3	2012-12-25 08:07:27.989012	2012-12-25 08:07:27.989012	\N	\N
8	32	Periodismo e datos	Periodismo; bibliotecología y personal técnico de bibliotecas; personal técnico de museos y establecimientos similares; Técnicas de documentación; Archivología.	3	2012-12-25 08:07:27.989012	2012-12-25 08:07:27.989012	\N	\N
9	34	Educación comercial y administración	Comercio al por menor, comercialización, ventas, relaciones públicas, asuntos inmobiliarios; gestión financiera, administración bancaria, seguros, análisis de inversiones; contabilidad, auditoría, teneduría de libros; gestión, administración pública, administración institucional, administración de personal; secretariado y trabajo de oficina.	3	2012-12-25 08:07:27.989012	2012-12-25 08:07:27.989012	\N	\N
10	38	Derecho	Magistrados locales, notarios, derecho (general, internacional, laboral, marítimo, etc.), jurisprudencia, historia del derecho.	3	2012-12-25 08:07:27.989012	2012-12-25 08:07:27.989012	\N	\N
11	42	Ciencias de la vida	Biología, botánica, bacteriología, toxicología, microbiología, zoología, entomología, ornitología, genética, bioquímica, biofísica, otras ciencias afines, excepto medicina y veterinaria.	4	2012-12-25 08:07:27.989012	2012-12-25 08:07:27.989012	\N	\N
12	44	Ciencias físicas	Astronomía y ciencias espaciales, física y asignaturas atines, química y asignaturas afines, geología, geofísica, mineralogía, antropología física, geografía física y demás ciencias de la tierra, meteorología y demás ciencias de la atmósfera, comprendida la investigación sobre el clima, las ciencias marinas, vulcanología, paleoecología.	4	2012-12-25 08:07:27.989012	2012-12-25 08:07:27.989012	\N	\N
13	46	Matemáticas y estadística	Matemáticas, investigación de operaciones, análisis numérico, ciencias actuariales, estadística y otros sectores afines.	4	2012-12-25 08:07:27.989012	2012-12-25 08:07:27.989012	\N	\N
14	48	Informática	Informática: Concepción de sistemas, programación informática, procesamiento de datos, redes, sistemas operativos - elaboración de programas informáticos solamente (el material y equipo se deben clasificar en el sector de la ingeniería).	4	2012-12-25 08:07:27.989012	2012-12-25 08:07:27.989012	\N	\N
15	52	Ingeniería y profesiones afines	Dibujo técnico, mecánica, metalistería, electricidad, electrónica, telecomunicaciones, ingeniería energética y química, mantenimiento de vehículos, topografía.	5	2012-12-25 08:07:27.989012	2012-12-25 08:07:27.989012	\N	\N
16	54	Industria y producción	Alimentación y bebidas, textiles, confección, calzado, cuero, materiales (madera, papel, plástico, vidrio, etc.), minería e industrias extractivas.	5	2012-12-25 08:07:27.989012	2012-12-25 08:07:27.989012	\N	\N
17	58	Arquitectura y construcción	Arquitectura y urbanismo: arquitectura estructural, arquitectura paisajística, planificación comunitaria, cartografía, edificación, construcción, ingeniería civil	5	2012-12-25 08:07:27.989012	2012-12-25 08:07:27.989012	\N	\N
18	62	Agricultura, silvicultura y pesca	Agricultura, producción agropecuaria, agronomía, ganadería, horticultura y jardinería, silvicultura y técnicas forestales, parques naturales, flora y fauna, pesca, ciencia y tecnología pesqueras.	6	2012-12-25 08:07:27.989012	2012-12-25 08:07:27.989012	\N	\N
19	64	Veterinaria	Veterinaria, auxiliar de veterinaria	6	2012-12-25 08:07:27.989012	2012-12-25 08:07:27.989012	\N	\N
20	72	Medicina	Medicina: anatomía, epidemiología, citología, tisiología, inmunología e inmunohematología, patología, anestesiología, pediatría, obstetricia y ginecología, medicina interna, cirugía, neurología, psiquiatría, radiología, oftalmología. Servicios médicos: servicios de salud pública, higiene, farmacia, farmacología, terapéutica, rehabilitación, prótesis, optometría, nutrición. Enfermería: enfermería básica, partería; servicios dentales: auxiliar de odontología, higienista dental, técnico de laboratorio dental, odontología.	7	2012-12-25 08:07:27.989012	2012-12-25 08:07:27.989012	\N	\N
21	76	Servicios sociales	Asistencia social: asistencia a minusválidos, asistencia a la infancia, servicios para jóvenes, servicios de gerontología. Trabajo social: orientación, asistencia social.	7	2012-12-25 08:07:27.989012	2012-12-25 08:07:27.989012	\N	\N
22	81	Servicios personales	Hotelería y restaurantes, viajes y turismo, deportes y actividades recreativas, peluquería, tratamientos de belleza y otros servicios personales: lavandería y tintorería, servicios cosméticos, ciencias del hogar.	8	2012-12-25 08:07:27.989012	2012-12-25 08:07:27.989012	\N	\N
23	84	Servicios de transporte	Formación de marinos, oficiales de marina, náutica, tripulación de aviones, control del tráfico aéreo, transporte ferroviario, transporte por carretera, servicios postales.	8	2012-12-25 08:07:27.989012	2012-12-25 08:07:27.989012	\N	\N
24	85	Protección del medio ambiente	Conservación, vigilancia y protección del medio ambiente, control de la contaminación atmosférica y del agua, ergonomía y seguridad.	8	2012-12-25 08:07:27.989012	2012-12-25 08:07:27.989012	\N	\N
25	86	Servicios de seguridad	Protección de personas y bienes: servicios de policía y orden público, criminología, prevención y extinción de incendios, seguridad civil. Enseñanza militar.	8	2012-12-25 08:07:27.989012	2012-12-25 08:07:27.989012	\N	\N
26	99	Sectores desconocidos no especificados	(Esta categoría no forma parte de la clasificación en sí, pero en la recopilación de datos “99” se necesita para “los sectores de educación desconocidos o no especificados”).	9	2012-12-25 08:07:27.989012	2012-12-25 08:07:27.989012	\N	\N
\.


--
-- TOC entry 2231 (class 0 OID 0)
-- Dependencies: 171
-- Name: conocimiento_subarea_id_seq; Type: SEQUENCE SET; Schema: public; Owner: postgres
--

SELECT pg_catalog.setval('conocimiento_subarea_id_seq', 26, true);


--
-- TOC entry 2187 (class 0 OID 46603)
-- Dependencies: 194 2196
-- Data for Name: documento; Type: TABLE DATA; Schema: public; Owner: postgres
--

COPY documento (id, name, year, description, created, modified, created_by, modified_by, levantamiento_id) FROM stdin;
52	Registro creación Universidad	\N	Registro de creación de la Universidad.	2012-12-28 06:59:02.383915	2012-12-28 06:59:02.383915	\N	\N	2
53	Nombramiento Rector	\N	Nombramiento del Rector.	2012-12-28 06:59:02.383915	2012-12-28 06:59:02.383915	\N	\N	2
54	Titulo tercer nivel	\N	Titulo de tercer nivel.	2012-12-28 06:59:02.383915	2012-12-28 06:59:02.383915	\N	\N	2
55	Titulo cuarto nivel	\N	Titulo de cuarto nivel.	2012-12-28 06:59:02.383915	2012-12-28 06:59:02.383915	\N	\N	2
56	Acta elección Rector	\N	Acta de elección del Rector.	2012-12-28 06:59:02.383915	2012-12-28 06:59:02.383915	\N	\N	2
57	Acta posesión Rector	\N	Acta de posesión del Rector.	2012-12-28 06:59:02.383915	2012-12-28 06:59:02.383915	\N	\N	2
58	Reglamento universidad	\N	Reglamento de la universidad.	2012-12-28 06:59:02.383915	2012-12-28 06:59:02.383915	\N	\N	2
59	Reglamento admisión universidad	\N	Reglamento de admisión de la universidad.	2012-12-28 06:59:02.383915	2012-12-28 06:59:02.383915	\N	\N	2
60	Reglamento bienestar estudiantil y médico	\N	Reglamento de bienestar estudiantil y médico.	2012-12-28 06:59:02.383915	2012-12-28 06:59:02.383915	\N	\N	2
61	Reglamento estudiantes con discapacidad	\N	Reglamento para estudiantes con discapacidad.	2012-12-28 06:59:02.383915	2012-12-28 06:59:02.383915	\N	\N	2
62	Reglamento becas estudiantiles	\N	Reglamento para becas estudiantiles.	2012-12-28 06:59:02.383915	2012-12-28 06:59:02.383915	\N	\N	2
63	Reglamento seguimiento graduados	\N	Reglamento para seguimiento a graduados.	2012-12-28 06:59:02.383915	2012-12-28 06:59:02.383915	\N	\N	2
64	Reglamento carrera profesores investigadores	\N	Reglamento de carrera a profesores e investigadores.	2012-12-28 06:59:02.383915	2012-12-28 06:59:02.383915	\N	\N	2
65	Reglamento escalafón profesores investigadores	\N	Reglamento de escalafón de profesores, investigadores o su equivalente.	2012-12-28 06:59:02.383915	2012-12-28 06:59:02.383915	\N	\N	2
66	Evidencia evaluación y resultados a profesores	\N	Evidencia de evaluación y resultados a profesores.	2012-12-28 06:59:02.383915	2012-12-28 06:59:02.383915	\N	\N	2
67	Reglamento máximo órgano colegiado	\N	Reglamento del máximo órgano colegiado.	2012-12-28 06:59:02.383915	2012-12-28 06:59:02.383915	\N	\N	2
68	Acta posesión miembros máximo órgano colegiado	\N	Acta de posesión de miembros del máximo órgano colegiado.	2012-12-28 06:59:02.383915	2012-12-28 06:59:02.383915	\N	\N	2
69	Reglamento elección máximas autoridades	\N	Reglamento de elección a máximas autoridades.	2012-12-28 06:59:02.383915	2012-12-28 06:59:02.383915	\N	\N	2
70	Solicitudes resoluciones IEPI	\N	Solicitudes y resoluciones IEPI (patentes de publicaciones).	2012-12-28 06:59:02.383915	2012-12-28 06:59:02.383915	\N	\N	2
71	Portadas publicaciones	\N	Portadas de publicaciones.	2012-12-28 06:59:02.383915	2012-12-28 06:59:02.383915	\N	\N	2
72	Resoluciones creación de las sedes CONESUP o CONUEP	\N	Resoluciones de creación de las sedes CONESUP o CONUEP.	2012-12-28 06:59:02.383915	2012-12-28 06:59:02.383915	\N	\N	2
73	Certificado catastro avalúo propiedad	\N	Certificado de catastro y avalúo de la propiedad.	2012-12-28 06:59:02.383915	2012-12-28 06:59:02.383915	\N	\N	2
74	Contratos arrendamiento comodato	\N	Contratos de arrendamiento o comodato.	2012-12-28 06:59:02.383915	2012-12-28 06:59:02.383915	\N	\N	2
75	Planos digitales	\N	Planos digitales.	2012-12-28 06:59:02.383915	2012-12-28 06:59:02.383915	\N	\N	2
76	Balance general 2008	\N	Balance general 2008.	2012-12-28 06:59:02.383915	2012-12-28 06:59:02.383915	\N	\N	2
77	Balance general 2009	\N	Balance general 2009.	2012-12-28 06:59:02.383915	2012-12-28 06:59:02.383915	\N	\N	2
78	Balance general 2010	\N	Balance general 2010.	2012-12-28 06:59:02.383915	2012-12-28 06:59:02.383915	\N	\N	2
79	Balance general 2011	\N	Balance general 2011.	2012-12-28 06:59:02.383915	2012-12-28 06:59:02.383915	\N	\N	2
80	Balance general 2012	\N	Balance general 2012.	2012-12-28 06:59:02.383915	2012-12-28 06:59:02.383915	\N	\N	2
81	Estado de resultados 2008	\N	Estado de resultados 2008.	2012-12-28 06:59:02.383915	2012-12-28 06:59:02.383915	\N	\N	2
82	Estado de resultados 2009	\N	Estado de resultados 2009.	2012-12-28 06:59:02.383915	2012-12-28 06:59:02.383915	\N	\N	2
83	Estado de resultados 2010	\N	Estado de resultados 2010.	2012-12-28 06:59:02.383915	2012-12-28 06:59:02.383915	\N	\N	2
84	Estado de resultados 2011	\N	Estado de resultados 2011.	2012-12-28 06:59:02.383915	2012-12-28 06:59:02.383915	\N	\N	2
85	Estado de resultados 2012	\N	Estado de resultados 2012.	2012-12-28 06:59:02.383915	2012-12-28 06:59:02.383915	\N	\N	2
86	Estado de flujo de efectivo 2008	\N	Estado de flujo de efectivo 2008.	2012-12-28 06:59:02.383915	2012-12-28 06:59:02.383915	\N	\N	2
87	Estado de flujo de efectivo 2009	\N	Estado de flujo de efectivo 2009.	2012-12-28 06:59:02.383915	2012-12-28 06:59:02.383915	\N	\N	2
88	Estado de flujo de efectivo 2010	\N	Estado de flujo de efectivo 2010.	2012-12-28 06:59:02.383915	2012-12-28 06:59:02.383915	\N	\N	2
89	Estado de flujo de efectivo 2011	\N	Estado de flujo de efectivo 2011.	2012-12-28 06:59:02.383915	2012-12-28 06:59:02.383915	\N	\N	2
90	Estado de flujo de efectivo 2012	\N	Estado de flujo de efectivo 2012.	2012-12-28 06:59:02.383915	2012-12-28 06:59:02.383915	\N	\N	2
91	Convenios firmados institutos	\N	Convenios firmados con institutos para impartir carreras del nivel técnico o tecnológico.	2012-12-28 06:59:02.383915	2012-12-28 06:59:02.383915	\N	\N	2
92	Convenios firmados universidades	\N	Convenios firmados con universidades nacionales e internacionales para impartir carreras o programas académicos.	2012-12-28 06:59:02.383915	2012-12-28 06:59:02.383915	\N	\N	2
93	Resoluciones regularización carreras o programas académicos no vigentes	\N	Resoluciones del CONEUP, CONESUP o CES de la regularización de carreras o programas académicos que se encuentren con estado “No vigente”.	2012-12-28 06:59:02.383915	2012-12-28 06:59:02.383915	\N	\N	2
94	Plan Estratégico 2013	\N	Plan estratégico 2013 aprobado por el máximo órgano colegiado.	2012-12-28 06:59:02.383915	2012-12-28 06:59:02.383915	\N	\N	2
95	Plan Operativo 2013	\N	Plan Operativo 2013 aprobado por el máximo órgano colegiado.	2012-12-28 06:59:02.383915	2012-12-28 06:59:02.383915	\N	\N	2
\.


--
-- TOC entry 2232 (class 0 OID 0)
-- Dependencies: 193
-- Name: documento_id_seq; Type: SEQUENCE SET; Schema: public; Owner: postgres
--

SELECT pg_catalog.setval('documento_id_seq', 95, true);


--
-- TOC entry 2159 (class 0 OID 46181)
-- Dependencies: 166 2196
-- Data for Name: formulario; Type: TABLE DATA; Schema: public; Owner: postgres
--

COPY formulario (id, name, year, description, created, modified, created_by, modified_by, levantamiento_id) FROM stdin;
1	IES	2012	Datos institucionales	2012-12-26 23:36:15.461603	2012-12-26 23:36:15.461603	\N	\N	2
2	MEC	2012	Matriz, Extensiones, Centros de Apoyo y Unidades Académicas	2012-12-26 23:36:15.461603	2012-12-26 23:36:15.461603	\N	\N	2
3	EAU	2012	Estructura Académica (carreras y programas)	2012-12-26 23:36:15.461603	2012-12-26 23:36:15.461603	\N	\N	2
4	MTC	2012	Estudiantes matriculados en nivel técnico, tecnológico, tercer y cuarto nivel	2012-12-26 23:36:15.461603	2012-12-26 23:36:15.461603	\N	\N	2
5	PAC	2012	Personal académico (profesores e investigadores)	2012-12-26 23:36:15.461603	2012-12-26 23:36:15.461603	\N	\N	2
6	PAT	2012	Personal técnico docente, administrativo y trabajadores	2012-12-26 23:36:15.461603	2012-12-26 23:36:15.461603	\N	\N	2
7	BMI	2012	Bienes muebles, inmuebles e intangibles 	2012-12-26 23:36:15.461603	2012-12-26 23:36:15.461603	\N	\N	2
8	MEC	2010	Matriz, Extensiones, Centros de Apoyo y Unidades Académicas	2012-12-27 01:16:08.68463	2012-12-27 01:16:08.68463	\N	\N	1
9	EAU	2010	Estructura Académica (carreras y programas)	2012-12-27 01:16:32.616694	2012-12-27 01:16:32.616694	\N	\N	1
10	MTN	2010	Estudiantes matriculados en tercer nivel	2012-12-27 01:16:50.801237	2012-12-27 01:16:50.801237	\N	\N	1
11	MCN	2010	Estudiantes matriculados en cuarto nivel\r\n	2012-12-27 01:17:26.821053	2012-12-27 01:17:26.821053	\N	\N	1
12	PEI	2010	Profesores e investigadores\r\n	2012-12-27 01:17:44.757032	2012-12-27 01:17:44.757032	\N	\N	1
13	INS	2010	Datos Institucionales	2012-12-27 09:52:06.479416	2012-12-27 09:52:06.479416	\N	\N	1
\.


--
-- TOC entry 2233 (class 0 OID 0)
-- Dependencies: 165
-- Name: formulario_id_seq; Type: SEQUENCE SET; Schema: public; Owner: postgres
--

SELECT pg_catalog.setval('formulario_id_seq', 13, true);


--
-- TOC entry 2157 (class 0 OID 46168)
-- Dependencies: 164 2196
-- Data for Name: ies; Type: TABLE DATA; Schema: public; Owner: postgres
--

COPY ies (id, code, name, notas, created, modified, created_by, modified_by) FROM stdin;
1	1001	Escuela Politécnica Nacional	\N	2012-12-25 08:15:50.718174	2012-12-25 08:15:50.718174	\N	\N
2	1002	Escuela Superior Politécnica de Chimborazo	\N	2012-12-25 08:15:50.718174	2012-12-25 08:15:50.718174	\N	\N
3	1003	Escuela Superior Politécnica Agropecuaria de Manabí	\N	2012-12-25 08:15:50.718174	2012-12-25 08:15:50.718174	\N	\N
4	1004	Escuela Politécnica del Ejercito 	\N	2012-12-25 08:15:50.718174	2012-12-25 08:15:50.718174	\N	\N
5	1005	Universidad Central del Ecuador	\N	2012-12-25 08:15:50.718174	2012-12-25 08:15:50.718174	\N	\N
6	1006	Universidad de Guayaquil	\N	2012-12-25 08:15:50.718174	2012-12-25 08:15:50.718174	\N	\N
7	1007	Universidad de Cuenca	\N	2012-12-25 08:15:50.718174	2012-12-25 08:15:50.718174	\N	\N
8	1008	Universidad Nacional de Loja	\N	2012-12-25 08:15:50.718174	2012-12-25 08:15:50.718174	\N	\N
9	1009	Universidad Técnica de Manabí	\N	2012-12-25 08:15:50.718174	2012-12-25 08:15:50.718174	\N	\N
10	1010	Universidad Técnica de Ambato	\N	2012-12-25 08:15:50.718174	2012-12-25 08:15:50.718174	\N	\N
11	1011	Universidad Técnica de Machala	\N	2012-12-25 08:15:50.718174	2012-12-25 08:15:50.718174	\N	\N
12	1012	Universidad Técnica Luis Vargas Torres de Esmeraldas	\N	2012-12-25 08:15:50.718174	2012-12-25 08:15:50.718174	\N	\N
13	1013	Universidad Técnica de Babahoyo	\N	2012-12-25 08:15:50.718174	2012-12-25 08:15:50.718174	\N	\N
14	1014	Universidad Técnica Estatal de Quevedo	\N	2012-12-25 08:15:50.718174	2012-12-25 08:15:50.718174	\N	\N
15	1015	Universidad Técnica del Norte	\N	2012-12-25 08:15:50.718174	2012-12-25 08:15:50.718174	\N	\N
16	1016	Universidad Laica Eloy Alfaro de Manabí	\N	2012-12-25 08:15:50.718174	2012-12-25 08:15:50.718174	\N	\N
17	1017	Universidad Estatal de Bolívar	\N	2012-12-25 08:15:50.718174	2012-12-25 08:15:50.718174	\N	\N
18	1018	Universidad Agraria del Ecuador	\N	2012-12-25 08:15:50.718174	2012-12-25 08:15:50.718174	\N	\N
19	1019	Universidad Nacional de Chimborazo	\N	2012-12-25 08:15:50.718174	2012-12-25 08:15:50.718174	\N	\N
20	1020	Universidad Técnica de Cotopaxi	\N	2012-12-25 08:15:50.718174	2012-12-25 08:15:50.718174	\N	\N
21	1021	Escuela Superior Politécnica del Litoral	\N	2012-12-25 08:15:50.718174	2012-12-25 08:15:50.718174	\N	\N
22	1022	Universidad Andina Simón Bolívar	\N	2012-12-25 08:15:50.718174	2012-12-25 08:15:50.718174	\N	\N
23	1023	Universidad Estatal Península de Santa Elena	\N	2012-12-25 08:15:50.718174	2012-12-25 08:15:50.718174	\N	\N
24	1024	Universidad Estatal de Milagro	\N	2012-12-25 08:15:50.718174	2012-12-25 08:15:50.718174	\N	\N
25	1025	Universidad Estatal del Sur de Manabí	\N	2012-12-25 08:15:50.718174	2012-12-25 08:15:50.718174	\N	\N
26	1026	Facultad Latinoamericana de Ciencias Sociales	\N	2012-12-25 08:15:50.718174	2012-12-25 08:15:50.718174	\N	\N
27	1027	Pontificia Universidad Católica del Ecuador	\N	2012-12-25 08:15:50.718174	2012-12-25 08:15:50.718174	\N	\N
28	1028	Universidad Católica de Santiago de Guayaquil	\N	2012-12-25 08:15:50.718174	2012-12-25 08:15:50.718174	\N	\N
29	1029	Universidad Católica de Cuenca	\N	2012-12-25 08:15:50.718174	2012-12-25 08:15:50.718174	\N	\N
30	1030	Universidad Laica Vicente Rocafuerte de Guayaquil	\N	2012-12-25 08:15:50.718174	2012-12-25 08:15:50.718174	\N	\N
31	1031	Universidad Técnica Particular de Loja	\N	2012-12-25 08:15:50.718174	2012-12-25 08:15:50.718174	\N	\N
32	1032	Universidad Tecnológica Equinoccial	\N	2012-12-25 08:15:50.718174	2012-12-25 08:15:50.718174	\N	\N
33	1033	Universidad del Azuay	\N	2012-12-25 08:15:50.718174	2012-12-25 08:15:50.718174	\N	\N
34	1034	Universidad Politécnica Salesiana	\N	2012-12-25 08:15:50.718174	2012-12-25 08:15:50.718174	\N	\N
35	1036	Universidad Particular Internacional SEK	\N	2012-12-25 08:15:50.718174	2012-12-25 08:15:50.718174	\N	\N
36	1037	Universidad Particular de Especialidades Espíritu Santo	\N	2012-12-25 08:15:50.718174	2012-12-25 08:15:50.718174	\N	\N
37	1038	Universidad San Francisco de Quito	\N	2012-12-25 08:15:50.718174	2012-12-25 08:15:50.718174	\N	\N
38	1040	Universidad de Las Américas	\N	2012-12-25 08:15:50.718174	2012-12-25 08:15:50.718174	\N	\N
39	1041	Universidad Internacional del Ecuador	\N	2012-12-25 08:15:50.718174	2012-12-25 08:15:50.718174	\N	\N
40	1042	Universidad Regional Autónoma de los Andes	\N	2012-12-25 08:15:50.718174	2012-12-25 08:15:50.718174	\N	\N
41	1044	Universidad del Pacifico Escuela de Negocios	\N	2012-12-25 08:15:50.718174	2012-12-25 08:15:50.718174	\N	\N
42	1045	Universidad Tecnológica Indoamérica	\N	2012-12-25 08:15:50.718174	2012-12-25 08:15:50.718174	\N	\N
43	1049	Universidad Casa Grande	\N	2012-12-25 08:15:50.718174	2012-12-25 08:15:50.718174	\N	\N
44	1050	Universidad Tecnológica Empresarial de Guayaquil	\N	2012-12-25 08:15:50.718174	2012-12-25 08:15:50.718174	\N	\N
45	1051	Universidad Tecnológica Israel	\N	2012-12-25 08:15:50.718174	2012-12-25 08:15:50.718174	\N	\N
46	1053	Universidad de Especialidades Turísticas	\N	2012-12-25 08:15:50.718174	2012-12-25 08:15:50.718174	\N	\N
47	1056	Universidad Metropolitana	\N	2012-12-25 08:15:50.718174	2012-12-25 08:15:50.718174	\N	\N
48	1057	Instituto de Altos Estudios Nacionales	\N	2012-12-25 08:15:50.718174	2012-12-25 08:15:50.718174	\N	\N
49	1058	Universidad Estatal Amazónica	\N	2012-12-25 08:15:50.718174	2012-12-25 08:15:50.718174	\N	\N
50	1059	Universidad de Otavalo	\N	2012-12-25 08:15:50.718174	2012-12-25 08:15:50.718174	\N	\N
51	1060	Universidad Particular San Gregorio de Portoviejo	\N	2012-12-25 08:15:50.718174	2012-12-25 08:15:50.718174	\N	\N
52	1068	Universidad Intercultural de las Nacionalidades y Pueblos Indígenas Amawtay Wasi	\N	2012-12-25 08:15:50.718174	2012-12-25 08:15:50.718174	\N	\N
53	1070	Universidad de Los Hemisferios	\N	2012-12-25 08:15:50.718174	2012-12-25 08:15:50.718174	\N	\N
54	1072	Universidad Naval Comandante Rafael Morán Valverde	\N	2012-12-25 08:15:50.718174	2012-12-25 08:15:50.718174	\N	\N
55	1073	Universidad Iberoamericana del Ecuador	\N	2012-12-25 08:15:50.718174	2012-12-25 08:15:50.718174	\N	\N
56	1074	Universidad Politécnica Estatal del Carchi	\N	2012-12-25 08:15:50.718174	2012-12-25 08:15:50.718174	\N	\N
57	1077	Universidad Tecnológica ECOTEC	\N	2012-12-25 08:15:50.718174	2012-12-25 08:15:50.718174	\N	\N
\.


--
-- TOC entry 2234 (class 0 OID 0)
-- Dependencies: 163
-- Name: ies_id_seq; Type: SEQUENCE SET; Schema: public; Owner: postgres
--

SELECT pg_catalog.setval('ies_id_seq', 57, true);


--
-- TOC entry 2185 (class 0 OID 46569)
-- Dependencies: 192 2196
-- Data for Name: levantamiento; Type: TABLE DATA; Schema: public; Owner: postgres
--

COPY levantamiento (id, name, description, created, modified, created_by, modified_by, code) FROM stdin;
2	2011 y 2012	Levantamiento de datos 2011 y 2012	2012-12-27 01:14:49.490836	2012-12-27 01:14:49.490836	\N	\N	\N
1	2010	Levantamiento de datos 2010	2012-12-27 01:14:32.694608	2012-12-29 19:25:06.23155	\N	1	\N
\.


--
-- TOC entry 2235 (class 0 OID 0)
-- Dependencies: 191
-- Name: levantamiento_id_seq; Type: SEQUENCE SET; Schema: public; Owner: postgres
--

SELECT pg_catalog.setval('levantamiento_id_seq', 2, true);


--
-- TOC entry 2173 (class 0 OID 46312)
-- Dependencies: 180 2196
-- Data for Name: opcion; Type: TABLE DATA; Schema: public; Owner: postgres
--

COPY opcion (id, name, description, pregunta_id, created, modified, created_by, modified_by) FROM stdin;
\.


--
-- TOC entry 2236 (class 0 OID 0)
-- Dependencies: 179
-- Name: opcion_id_seq; Type: SEQUENCE SET; Schema: public; Owner: postgres
--

SELECT pg_catalog.setval('opcion_id_seq', 1, false);


--
-- TOC entry 2167 (class 0 OID 46245)
-- Dependencies: 174 2196
-- Data for Name: parametro; Type: TABLE DATA; Schema: public; Owner: postgres
--

COPY parametro (id, name, valor, texto, numero, fecha, created, modified, created_by, modified_by) FROM stdin;
\.


--
-- TOC entry 2237 (class 0 OID 0)
-- Dependencies: 173
-- Name: parametro_id_seq; Type: SEQUENCE SET; Schema: public; Owner: postgres
--

SELECT pg_catalog.setval('parametro_id_seq', 1, false);


--
-- TOC entry 2183 (class 0 OID 46429)
-- Dependencies: 190 2196
-- Data for Name: parroquia; Type: TABLE DATA; Schema: public; Owner: postgres
--

COPY parroquia (id, code, name, canton_id, created, modified, created_by, modified_by, cabecera_cantonal, capital_provincial, cambio, ojo) FROM stdin;
4193	240302	GRAL. ALBERTO ENRÍQUEZ GALLO	582	2012-12-25 14:30:51.941771	2012-12-25 14:30:51.941771	\N	\N	0	0	0	0
4194	240304	SANTA ROSA	582	2012-12-25 14:30:51.941771	2012-12-25 14:30:51.941771	\N	\N	0	0	0	0
4195	240351	ANCONCITO	582	2012-12-25 14:30:51.941771	2012-12-25 14:30:51.941771	\N	\N	0	0	0	0
4196	240352	JOSÉ LUIS TAMAYO (MUEY)	582	2012-12-25 14:30:51.941771	2012-12-25 14:30:51.941771	\N	\N	0	0	0	0
4200	900151	LAS GOLONDRINAS	583	2012-12-25 14:35:53.953952	2012-12-25 14:35:53.953952	\N	\N	0	0	0	0
4201	900351	MANGA DEL CURA	584	2012-12-25 14:35:53.953952	2012-12-25 14:35:53.953952	\N	\N	0	0	0	0
4202	900451	EL PIEDRERO	585	2012-12-25 14:35:53.953952	2012-12-25 14:35:53.953952	\N	\N	0	0	0	0
2796	010150	CUENCA	354	2012-12-25 14:29:54.386544	2012-12-25 14:29:54.386544	\N	\N	1	1	0	0
2797	010101	BELLAVISTA	354	2012-12-25 14:29:54.386544	2012-12-25 14:29:54.386544	\N	\N	0	0	0	0
2798	010109	MONAY	354	2012-12-25 14:29:54.386544	2012-12-25 14:29:54.386544	\N	\N	0	0	0	0
2799	010102	CAÑARIBAMBA	354	2012-12-25 14:29:54.386544	2012-12-25 14:29:54.386544	\N	\N	0	0	0	0
2800	010110	SAN BLAS	354	2012-12-25 14:29:54.386544	2012-12-25 14:29:54.386544	\N	\N	0	0	0	0
2801	010103	EL BATÁN	354	2012-12-25 14:29:54.386544	2012-12-25 14:29:54.386544	\N	\N	0	0	0	0
2802	010111	SAN SEBASTIÁN	354	2012-12-25 14:29:54.386544	2012-12-25 14:29:54.386544	\N	\N	0	0	0	0
2803	010104	EL SAGRARIO	354	2012-12-25 14:29:54.386544	2012-12-25 14:29:54.386544	\N	\N	0	0	0	0
2804	010112	SUCRE	354	2012-12-25 14:29:54.386544	2012-12-25 14:29:54.386544	\N	\N	0	0	0	0
2805	010105	EL VECINO	354	2012-12-25 14:29:54.386544	2012-12-25 14:29:54.386544	\N	\N	0	0	0	0
2806	010113	TOTORACOCHA	354	2012-12-25 14:29:54.386544	2012-12-25 14:29:54.386544	\N	\N	0	0	0	0
2807	010106	GIL RAMÍREZ DÁVALOS	354	2012-12-25 14:29:54.386544	2012-12-25 14:29:54.386544	\N	\N	0	0	0	0
2808	010114	YANUNCAY	354	2012-12-25 14:29:54.386544	2012-12-25 14:29:54.386544	\N	\N	0	0	0	0
2809	010107	HUAYNACÁPAC	354	2012-12-25 14:29:54.386544	2012-12-25 14:29:54.386544	\N	\N	0	0	0	0
2810	010115	HERMANO MIGUEL	354	2012-12-25 14:29:54.386544	2012-12-25 14:29:54.386544	\N	\N	0	0	0	0
2811	010108	MACHÁNGARA	354	2012-12-25 14:29:54.386544	2012-12-25 14:29:54.386544	\N	\N	0	0	0	0
2812	010151	BAÑOS	354	2012-12-25 14:29:54.386544	2012-12-25 14:29:54.386544	\N	\N	0	0	0	0
2813	010162	RICAURTE	354	2012-12-25 14:29:54.386544	2012-12-25 14:29:54.386544	\N	\N	0	0	0	0
2814	010152	CUMBE	354	2012-12-25 14:29:54.386544	2012-12-25 14:29:54.386544	\N	\N	0	0	0	0
2815	010163	SAN JOAQUÍN	354	2012-12-25 14:29:54.386544	2012-12-25 14:29:54.386544	\N	\N	0	0	0	0
2816	010153	CHAUCHA	354	2012-12-25 14:29:54.386544	2012-12-25 14:29:54.386544	\N	\N	0	0	0	0
2817	010164	SANTA ANA	354	2012-12-25 14:29:54.386544	2012-12-25 14:29:54.386544	\N	\N	0	0	0	0
2818	010154	CHECA (JIDCAY)	354	2012-12-25 14:29:54.386544	2012-12-25 14:29:54.386544	\N	\N	0	0	0	0
2819	010165	SAYAUSÍ	354	2012-12-25 14:29:54.386544	2012-12-25 14:29:54.386544	\N	\N	0	0	0	0
2820	010155	CHIQUINTAD	354	2012-12-25 14:29:54.386544	2012-12-25 14:29:54.386544	\N	\N	0	0	0	0
2821	010166	SIDCAY	354	2012-12-25 14:29:54.386544	2012-12-25 14:29:54.386544	\N	\N	0	0	0	0
2822	010156	LLACAO	354	2012-12-25 14:29:54.386544	2012-12-25 14:29:54.386544	\N	\N	0	0	0	0
2823	010167	SININCAY	354	2012-12-25 14:29:54.386544	2012-12-25 14:29:54.386544	\N	\N	0	0	0	0
2824	010157	MOLLETURO	354	2012-12-25 14:29:54.386544	2012-12-25 14:29:54.386544	\N	\N	0	0	0	0
2825	010168	TARQUI	354	2012-12-25 14:29:54.386544	2012-12-25 14:29:54.386544	\N	\N	0	0	0	0
2826	010158	NULTI	354	2012-12-25 14:29:54.386544	2012-12-25 14:29:54.386544	\N	\N	0	0	0	0
2827	010169	TURI	354	2012-12-25 14:29:54.386544	2012-12-25 14:29:54.386544	\N	\N	0	0	0	0
2828	010159	OCTAVIO CORDERO PALACIOS (SANTA ROSA)	354	2012-12-25 14:29:54.386544	2012-12-25 14:29:54.386544	\N	\N	0	0	0	0
2829	010170	VALLE	354	2012-12-25 14:29:54.386544	2012-12-25 14:29:54.386544	\N	\N	0	0	0	0
2830	010160	PACCHA	354	2012-12-25 14:29:54.386544	2012-12-25 14:29:54.386544	\N	\N	0	0	0	0
2831	010171	VICTORIA DEL PORTETE (IRQUIS)	354	2012-12-25 14:29:54.386544	2012-12-25 14:29:54.386544	\N	\N	0	0	0	0
2832	010161	QUINGEO	354	2012-12-25 14:29:54.386544	2012-12-25 14:29:54.386544	\N	\N	0	0	0	0
2833	010250	GIRÓN	355	2012-12-25 14:29:54.386544	2012-12-25 14:29:54.386544	\N	\N	1	0	0	0
2834	010251	ASUNCIÓN	355	2012-12-25 14:29:54.386544	2012-12-25 14:29:54.386544	\N	\N	0	0	0	0
2835	010252	SAN GERARDO	355	2012-12-25 14:29:54.386544	2012-12-25 14:29:54.386544	\N	\N	0	0	0	0
2836	010350	GUALACEO	356	2012-12-25 14:29:54.386544	2012-12-25 14:29:54.386544	\N	\N	1	0	0	0
2837	010351	CHORDELEG	356	2012-12-25 14:29:54.386544	2012-12-25 14:29:54.386544	\N	\N	0	0	1	0
2838	010356	REMIGIO CRESPO TORAL (GÚLAG)	356	2012-12-25 14:29:54.386544	2012-12-25 14:29:54.386544	\N	\N	0	0	0	0
2839	010352	DANIEL CÓRDOVA TORAL (EL ORIENTE)	356	2012-12-25 14:29:54.386544	2012-12-25 14:29:54.386544	\N	\N	0	0	0	0
2840	010357	SAN JUAN	356	2012-12-25 14:29:54.386544	2012-12-25 14:29:54.386544	\N	\N	0	0	0	0
2841	010353	JADÁN	356	2012-12-25 14:29:54.386544	2012-12-25 14:29:54.386544	\N	\N	0	0	0	0
2842	010358	ZHIDMAD	356	2012-12-25 14:29:54.386544	2012-12-25 14:29:54.386544	\N	\N	0	0	0	0
2843	010354	MARIANO MORENO	356	2012-12-25 14:29:54.386544	2012-12-25 14:29:54.386544	\N	\N	0	0	0	0
2844	010359	LUIS CORDERO VEGA	356	2012-12-25 14:29:54.386544	2012-12-25 14:29:54.386544	\N	\N	0	0	0	0
2845	010355	PRINCIPAL	356	2012-12-25 14:29:54.386544	2012-12-25 14:29:54.386544	\N	\N	0	0	1	0
2846	010360	SIMÓN BOLÍVAR (CAB. EN GAÑANZOL)	356	2012-12-25 14:29:54.386544	2012-12-25 14:29:54.386544	\N	\N	0	0	0	0
2847	010450	NABÓN	357	2012-12-25 14:29:54.386544	2012-12-25 14:29:54.386544	\N	\N	1	0	0	0
2848	010451	COCHAPATA	357	2012-12-25 14:29:54.386544	2012-12-25 14:29:54.386544	\N	\N	0	0	0	0
2849	010453	LAS NIEVES (CHAYA)	357	2012-12-25 14:29:54.386544	2012-12-25 14:29:54.386544	\N	\N	0	0	0	0
2850	010452	EL PROGRESO (CAB.EN ZHOTA)	357	2012-12-25 14:29:54.386544	2012-12-25 14:29:54.386544	\N	\N	0	0	0	0
2851	010454	OÑA	357	2012-12-25 14:29:54.386544	2012-12-25 14:29:54.386544	\N	\N	0	0	1	0
2852	010550	PAUTE	358	2012-12-25 14:29:54.386544	2012-12-25 14:29:54.386544	\N	\N	1	0	0	0
2853	010551	AMALUZA	358	2012-12-25 14:29:54.386544	2012-12-25 14:29:54.386544	\N	\N	0	0	1	0
2854	010557	PALMAS	358	2012-12-25 14:29:54.386544	2012-12-25 14:29:54.386544	\N	\N	0	0	1	0
2855	010552	BULÁN (JOSÉ VÍCTOR IZQUIERDO)	358	2012-12-25 14:29:54.386544	2012-12-25 14:29:54.386544	\N	\N	0	0	0	0
2856	010558	PAN	358	2012-12-25 14:29:54.386544	2012-12-25 14:29:54.386544	\N	\N	0	0	1	0
2857	010553	CHICÁN (GUILLERMO ORTEGA)	358	2012-12-25 14:29:54.386544	2012-12-25 14:29:54.386544	\N	\N	0	0	0	0
2858	010559	SAN CRISTÓBAL (CARLOS ORDÓÑEZ LAZO)	358	2012-12-25 14:29:54.386544	2012-12-25 14:29:54.386544	\N	\N	0	0	0	0
2859	010554	EL CABO	358	2012-12-25 14:29:54.386544	2012-12-25 14:29:54.386544	\N	\N	0	0	0	0
2860	010560	SEVILLA DE ORO	358	2012-12-25 14:29:54.386544	2012-12-25 14:29:54.386544	\N	\N	0	0	1	0
2861	010555	GUACHAPALA	358	2012-12-25 14:29:54.386544	2012-12-25 14:29:54.386544	\N	\N	0	0	1	0
2862	010561	TOMEBAMBA	358	2012-12-25 14:29:54.386544	2012-12-25 14:29:54.386544	\N	\N	0	0	0	0
2863	010556	GUARAINAG	358	2012-12-25 14:29:54.386544	2012-12-25 14:29:54.386544	\N	\N	0	0	0	0
2864	010562	DUG DUG	358	2012-12-25 14:29:54.386544	2012-12-25 14:29:54.386544	\N	\N	0	0	0	0
2865	010650	PUCARÁ	359	2012-12-25 14:29:54.386544	2012-12-25 14:29:54.386544	\N	\N	1	0	0	0
2866	010651	CAMILO PONCE ENRÍQUEZ (CAB. EN RÍO 7 DE MOLLEPONGO)	359	2012-12-25 14:29:54.386544	2012-12-25 14:29:54.386544	\N	\N	0	0	1	0
2867	010652	SAN RAFAEL DE SHARUG	359	2012-12-25 14:29:54.386544	2012-12-25 14:29:54.386544	\N	\N	0	0	0	0
2868	010750	SAN FERNANDO	360	2012-12-25 14:29:54.386544	2012-12-25 14:29:54.386544	\N	\N	1	0	0	0
2869	010751	CHUMBLÍN	360	2012-12-25 14:29:54.386544	2012-12-25 14:29:54.386544	\N	\N	0	0	0	0
2870	010850	SANTA ISABEL (CHAGUARURCO)	361	2012-12-25 14:29:54.386544	2012-12-25 14:29:54.386544	\N	\N	1	0	0	0
2871	010851	ABDÓN CALDERÓN (LA UNIÓN)	361	2012-12-25 14:29:54.386544	2012-12-25 14:29:54.386544	\N	\N	0	0	0	0
2872	010853	ZHAGLLI (SHAGLLI)	361	2012-12-25 14:29:54.386544	2012-12-25 14:29:54.386544	\N	\N	0	0	0	0
2873	010852	EL CARMEN DE PIJILÍ	361	2012-12-25 14:29:54.386544	2012-12-25 14:29:54.386544	\N	\N	0	0	0	1
2874	010854	SAN SALVADOR DE CAÑARIBAMBA	361	2012-12-25 14:29:54.386544	2012-12-25 14:29:54.386544	\N	\N	0	0	0	0
2875	010950	SIGSIG	362	2012-12-25 14:29:54.386544	2012-12-25 14:29:54.386544	\N	\N	1	0	0	0
2876	010951	CUCHIL (CUTCHIL)	362	2012-12-25 14:29:54.386544	2012-12-25 14:29:54.386544	\N	\N	0	0	0	0
2877	010954	LUDO	362	2012-12-25 14:29:54.386544	2012-12-25 14:29:54.386544	\N	\N	0	0	0	0
2878	010952	GIMA	362	2012-12-25 14:29:54.386544	2012-12-25 14:29:54.386544	\N	\N	0	0	0	0
2879	010955	SAN BARTOLOMÉ	362	2012-12-25 14:29:54.386544	2012-12-25 14:29:54.386544	\N	\N	0	0	0	0
2880	010953	GUEL	362	2012-12-25 14:29:54.386544	2012-12-25 14:29:54.386544	\N	\N	0	0	0	0
2881	010956	SAN JOSÉ DE RARANGA	362	2012-12-25 14:29:54.386544	2012-12-25 14:29:54.386544	\N	\N	0	0	0	0
2882	011050	SAN FELIPE DE OÑA CABECERA CANTONAL	363	2012-12-25 14:29:54.386544	2012-12-25 14:29:54.386544	\N	\N	1	0	0	0
2883	011051	SUSUDEL	363	2012-12-25 14:29:54.386544	2012-12-25 14:29:54.386544	\N	\N	0	0	0	0
2884	011150	CHORDELEG	364	2012-12-25 14:29:54.386544	2012-12-25 14:29:54.386544	\N	\N	1	0	0	0
2885	011151	PRINCIPAL	364	2012-12-25 14:29:54.386544	2012-12-25 14:29:54.386544	\N	\N	0	0	0	0
2886	011153	LUIS GALARZA ORELLANA (CAB.EN DELEGSOL)	364	2012-12-25 14:29:54.386544	2012-12-25 14:29:54.386544	\N	\N	0	0	0	0
2887	011152	LA UNIÓN	364	2012-12-25 14:29:54.386544	2012-12-25 14:29:54.386544	\N	\N	0	0	0	0
2888	011154	SAN MARTÍN DE PUZHIO	364	2012-12-25 14:29:54.386544	2012-12-25 14:29:54.386544	\N	\N	0	0	0	0
2889	011250	EL PAN	365	2012-12-25 14:29:54.386544	2012-12-25 14:29:54.386544	\N	\N	1	0	0	0
2890	011251	AMALUZA	365	2012-12-25 14:29:54.386544	2012-12-25 14:29:54.386544	\N	\N	0	0	1	0
2891	011253	SAN VICENTE	365	2012-12-25 14:29:54.386544	2012-12-25 14:29:54.386544	\N	\N	0	0	0	0
2892	011252	PALMAS	365	2012-12-25 14:29:54.386544	2012-12-25 14:29:54.386544	\N	\N	0	0	1	0
2893	011350	SEVILLA DE ORO	366	2012-12-25 14:29:54.386544	2012-12-25 14:29:54.386544	\N	\N	1	0	0	0
2894	011351	AMALUZA	366	2012-12-25 14:29:54.386544	2012-12-25 14:29:54.386544	\N	\N	0	0	0	0
2895	011352	PALMAS	366	2012-12-25 14:29:54.386544	2012-12-25 14:29:54.386544	\N	\N	0	0	0	0
2896	011450	GUACHAPALA	367	2012-12-25 14:29:54.386544	2012-12-25 14:29:54.386544	\N	\N	1	0	0	0
2897	011550	CAMILO PONCE ENRÍQUEZ	368	2012-12-25 14:29:54.386544	2012-12-25 14:29:54.386544	\N	\N	1	0	0	0
2898	011551	EL CARMEN DE PIJILÍ	368	2012-12-25 14:29:54.386544	2012-12-25 14:29:54.386544	\N	\N	0	0	0	1
2899	020150	GUARANDA	369	2012-12-25 14:29:54.386544	2012-12-25 14:29:54.386544	\N	\N	1	1	0	0
2900	020101	ÁNGEL POLIBIO CHÁVES	369	2012-12-25 14:29:54.386544	2012-12-25 14:29:54.386544	\N	\N	0	0	0	0
2901	020103	GUANUJO	369	2012-12-25 14:29:54.386544	2012-12-25 14:29:54.386544	\N	\N	0	0	0	0
2902	020102	GABRIEL IGNACIO VEINTIMILLA	369	2012-12-25 14:29:54.386544	2012-12-25 14:29:54.386544	\N	\N	0	0	0	0
2903	020151	FACUNDO VELA	369	2012-12-25 14:29:54.386544	2012-12-25 14:29:54.386544	\N	\N	0	0	0	0
2904	020156	SAN LORENZO	369	2012-12-25 14:29:54.386544	2012-12-25 14:29:54.386544	\N	\N	0	0	0	0
2905	020152	 GUANUJO	369	2012-12-25 14:29:54.386544	2012-12-25 14:29:54.386544	\N	\N	0	0	1	0
2906	020157	SAN SIMÓN (YACOTO)	369	2012-12-25 14:29:54.386544	2012-12-25 14:29:54.386544	\N	\N	0	0	0	0
2907	020153	JULIO E. MORENO (CATANAHUÁN GRANDE)	369	2012-12-25 14:29:54.386544	2012-12-25 14:29:54.386544	\N	\N	0	0	0	0
2908	020158	SANTA FÉ (SANTA FÉ)	369	2012-12-25 14:29:54.386544	2012-12-25 14:29:54.386544	\N	\N	0	0	0	0
2909	020154	LAS NAVES	369	2012-12-25 14:29:54.386544	2012-12-25 14:29:54.386544	\N	\N	0	0	1	0
2910	020159	SIMIÁTUG	369	2012-12-25 14:29:54.386544	2012-12-25 14:29:54.386544	\N	\N	0	0	0	0
2911	020155	SALINAS	369	2012-12-25 14:29:54.386544	2012-12-25 14:29:54.386544	\N	\N	0	0	0	0
2912	020160	SAN LUIS DE PAMBIL	369	2012-12-25 14:29:54.386544	2012-12-25 14:29:54.386544	\N	\N	0	0	0	0
2913	020250	CHILLANES	370	2012-12-25 14:29:54.386544	2012-12-25 14:29:54.386544	\N	\N	1	0	0	0
2914	020251	SAN JOSÉ DEL TAMBO (TAMBOPAMBA)	370	2012-12-25 14:29:54.386544	2012-12-25 14:29:54.386544	\N	\N	0	0	0	0
2915	020350	SAN JOSÉ DE CHIMBO	371	2012-12-25 14:29:54.386544	2012-12-25 14:29:54.386544	\N	\N	1	0	0	0
2916	020351	ASUNCIÓN (ASANCOTO)	371	2012-12-25 14:29:54.386544	2012-12-25 14:29:54.386544	\N	\N	0	0	0	0
2917	020354	SAN SEBASTIÁN	371	2012-12-25 14:29:54.386544	2012-12-25 14:29:54.386544	\N	\N	0	0	0	0
2918	020352	CALUMA	371	2012-12-25 14:29:54.386544	2012-12-25 14:29:54.386544	\N	\N	0	0	1	0
2919	020355	TELIMBELA	371	2012-12-25 14:29:54.386544	2012-12-25 14:29:54.386544	\N	\N	0	0	0	0
2920	020353	MAGDALENA (CHAPACOTO)	371	2012-12-25 14:29:54.386544	2012-12-25 14:29:54.386544	\N	\N	0	0	0	0
2921	020450	ECHEANDÍA	372	2012-12-25 14:29:54.386544	2012-12-25 14:29:54.386544	\N	\N	1	0	0	0
2922	020550	SAN MIGUEL	373	2012-12-25 14:29:54.386544	2012-12-25 14:29:54.386544	\N	\N	1	0	0	0
2923	020551	BALSAPAMBA	373	2012-12-25 14:29:54.386544	2012-12-25 14:29:54.386544	\N	\N	0	0	0	0
2924	020554	SAN PABLO (SAN PABLO DE ATENAS)	373	2012-12-25 14:29:54.386544	2012-12-25 14:29:54.386544	\N	\N	0	0	0	0
2925	020552	BILOVÁN	373	2012-12-25 14:29:54.386544	2012-12-25 14:29:54.386544	\N	\N	0	0	0	0
2926	020555	SANTIAGO	373	2012-12-25 14:29:54.386544	2012-12-25 14:29:54.386544	\N	\N	0	0	0	0
2927	020553	RÉGULO DE MORA	373	2012-12-25 14:29:54.386544	2012-12-25 14:29:54.386544	\N	\N	0	0	0	0
2928	020556	SAN VICENTE	373	2012-12-25 14:29:54.386544	2012-12-25 14:29:54.386544	\N	\N	0	0	0	0
2929	020650	CALUMA	374	2012-12-25 14:29:54.386544	2012-12-25 14:29:54.386544	\N	\N	1	0	0	0
2930	020750	LAS NAVES	375	2012-12-25 14:29:54.386544	2012-12-25 14:29:54.386544	\N	\N	1	0	0	0
2931	020701	LAS MERCEDES	375	2012-12-25 14:29:54.386544	2012-12-25 14:29:54.386544	\N	\N	0	0	0	0
2932	020702	LAS NAVES	375	2012-12-25 14:29:54.386544	2012-12-25 14:29:54.386544	\N	\N	0	0	0	0
2933	030150	AZOGUES	376	2012-12-25 14:29:54.386544	2012-12-25 14:29:54.386544	\N	\N	1	1	0	0
2934	030101	AURELIO BAYAS MARTÍNEZ	376	2012-12-25 14:29:54.386544	2012-12-25 14:29:54.386544	\N	\N	0	0	0	0
2935	030103	BORRERO	376	2012-12-25 14:29:54.386544	2012-12-25 14:29:54.386544	\N	\N	0	0	0	0
2936	030102	AZOGUES	376	2012-12-25 14:29:54.386544	2012-12-25 14:29:54.386544	\N	\N	0	0	0	0
2937	030104	SAN FRANCISCO	376	2012-12-25 14:29:54.386544	2012-12-25 14:29:54.386544	\N	\N	0	0	0	0
2938	030151	COJITAMBO	376	2012-12-25 14:29:54.386544	2012-12-25 14:29:54.386544	\N	\N	0	0	0	0
2939	030156	PINDILIG	376	2012-12-25 14:29:54.386544	2012-12-25 14:29:54.386544	\N	\N	0	0	0	0
2940	030152	DÉLEG	376	2012-12-25 14:29:54.386544	2012-12-25 14:29:54.386544	\N	\N	0	0	1	0
2941	030157	RIVERA	376	2012-12-25 14:29:54.386544	2012-12-25 14:29:54.386544	\N	\N	0	0	0	0
2942	030153	GUAPÁN	376	2012-12-25 14:29:54.386544	2012-12-25 14:29:54.386544	\N	\N	0	0	0	0
2943	030158	SAN MIGUEL	376	2012-12-25 14:29:54.386544	2012-12-25 14:29:54.386544	\N	\N	0	0	0	0
2944	030154	JAVIER LOYOLA (CHUQUIPATA)	376	2012-12-25 14:29:54.386544	2012-12-25 14:29:54.386544	\N	\N	0	0	0	0
2945	030159	SOLANO	376	2012-12-25 14:29:54.386544	2012-12-25 14:29:54.386544	\N	\N	0	0	1	0
2946	030155	LUIS CORDERO	376	2012-12-25 14:29:54.386544	2012-12-25 14:29:54.386544	\N	\N	0	0	0	0
2947	030160	TADAY	376	2012-12-25 14:29:54.386544	2012-12-25 14:29:54.386544	\N	\N	0	0	0	0
2948	030250	BIBLIÁN	377	2012-12-25 14:29:54.386544	2012-12-25 14:29:54.386544	\N	\N	1	0	0	0
2949	030251	NAZÓN (CAB. EN PAMPA DE DOMÍNGUEZ)	377	2012-12-25 14:29:54.386544	2012-12-25 14:29:54.386544	\N	\N	0	0	0	0
2950	030253	TURUPAMBA	377	2012-12-25 14:29:54.386544	2012-12-25 14:29:54.386544	\N	\N	0	0	0	0
2951	030252	SAN FRANCISCO DE SAGEO	377	2012-12-25 14:29:54.386544	2012-12-25 14:29:54.386544	\N	\N	0	0	0	0
2952	030254	JERUSALÉN	377	2012-12-25 14:29:54.386544	2012-12-25 14:29:54.386544	\N	\N	0	0	0	0
2953	030350	CAÑAR	378	2012-12-25 14:29:54.386544	2012-12-25 14:29:54.386544	\N	\N	1	0	0	0
2954	030351	CHONTAMARCA	378	2012-12-25 14:29:54.386544	2012-12-25 14:29:54.386544	\N	\N	0	0	0	0
2955	030358	SAN ANTONIO	378	2012-12-25 14:29:54.386544	2012-12-25 14:29:54.386544	\N	\N	0	0	0	0
2956	030352	CHOROCOPTE	378	2012-12-25 14:29:54.386544	2012-12-25 14:29:54.386544	\N	\N	0	0	0	0
2957	030359	SUSCAL	378	2012-12-25 14:29:54.386544	2012-12-25 14:29:54.386544	\N	\N	0	0	1	0
2958	030353	GENERAL MORALES (SOCARTE)	378	2012-12-25 14:29:54.386544	2012-12-25 14:29:54.386544	\N	\N	0	0	0	0
2959	030360	TAMBO	378	2012-12-25 14:29:54.386544	2012-12-25 14:29:54.386544	\N	\N	0	0	1	0
2960	030354	GUALLETURO	378	2012-12-25 14:29:54.386544	2012-12-25 14:29:54.386544	\N	\N	0	0	0	0
2961	030361	ZHUD	378	2012-12-25 14:29:54.386544	2012-12-25 14:29:54.386544	\N	\N	0	0	0	0
2962	030355	HONORATO VÁSQUEZ (TAMBO VIEJO)	378	2012-12-25 14:29:54.386544	2012-12-25 14:29:54.386544	\N	\N	0	0	0	0
2963	030362	VENTURA	378	2012-12-25 14:29:54.386544	2012-12-25 14:29:54.386544	\N	\N	0	0	0	0
2964	030356	INGAPIRCA	378	2012-12-25 14:29:54.386544	2012-12-25 14:29:54.386544	\N	\N	0	0	0	0
2965	030363	DUCUR	378	2012-12-25 14:29:54.386544	2012-12-25 14:29:54.386544	\N	\N	0	0	0	0
2966	030357	JUNCAL	378	2012-12-25 14:29:54.386544	2012-12-25 14:29:54.386544	\N	\N	0	0	0	0
2967	030450	LA TRONCAL	379	2012-12-25 14:29:54.386544	2012-12-25 14:29:54.386544	\N	\N	1	0	0	0
2968	030451	MANUEL J. CALLE	379	2012-12-25 14:29:54.386544	2012-12-25 14:29:54.386544	\N	\N	0	0	0	0
2969	030452	PANCHO NEGRO	379	2012-12-25 14:29:54.386544	2012-12-25 14:29:54.386544	\N	\N	0	0	0	0
2970	030550	EL TAMBO	380	2012-12-25 14:29:54.386544	2012-12-25 14:29:54.386544	\N	\N	1	0	0	0
2971	030650	DÉLEG	381	2012-12-25 14:29:54.386544	2012-12-25 14:29:54.386544	\N	\N	1	0	0	0
2972	030651	SOLANO	381	2012-12-25 14:29:54.386544	2012-12-25 14:29:54.386544	\N	\N	0	0	0	0
2973	030750	SUSCAL	382	2012-12-25 14:29:54.386544	2012-12-25 14:29:54.386544	\N	\N	1	0	0	0
2974	040150	TULCÁN	383	2012-12-25 14:29:54.386544	2012-12-25 14:29:54.386544	\N	\N	1	1	0	0
2975	040101	GONZÁLEZ SUÁREZ	383	2012-12-25 14:29:54.386544	2012-12-25 14:29:54.386544	\N	\N	0	0	0	0
2976	040102	TULCÁN	383	2012-12-25 14:29:54.386544	2012-12-25 14:29:54.386544	\N	\N	0	0	0	0
2977	040151	EL CARMELO (EL PUN)	383	2012-12-25 14:29:54.386544	2012-12-25 14:29:54.386544	\N	\N	0	0	0	0
2978	040157	TUFIÑO	383	2012-12-25 14:29:54.386544	2012-12-25 14:29:54.386544	\N	\N	0	0	0	0
2979	040152	HUACA	383	2012-12-25 14:29:54.386544	2012-12-25 14:29:54.386544	\N	\N	0	0	1	0
2980	040158	URBINA (TAYA)	383	2012-12-25 14:29:54.386544	2012-12-25 14:29:54.386544	\N	\N	0	0	0	0
2981	040153	JULIO ANDRADE (OREJUELA)	383	2012-12-25 14:29:54.386544	2012-12-25 14:29:54.386544	\N	\N	0	0	0	0
2982	040159	EL CHICAL	383	2012-12-25 14:29:54.386544	2012-12-25 14:29:54.386544	\N	\N	0	0	0	0
2983	040154	MALDONADO	383	2012-12-25 14:29:54.386544	2012-12-25 14:29:54.386544	\N	\N	0	0	0	0
2984	040160	MARISCAL SUCRE	383	2012-12-25 14:29:54.386544	2012-12-25 14:29:54.386544	\N	\N	0	0	1	0
2985	040155	PIOTER	383	2012-12-25 14:29:54.386544	2012-12-25 14:29:54.386544	\N	\N	0	0	0	0
2986	040161	SANTA MARTHA DE CUBA	383	2012-12-25 14:29:54.386544	2012-12-25 14:29:54.386544	\N	\N	0	0	0	0
2987	040156	TOBAR DONOSO (LA BOCANA DE CAMUMBÍ)	383	2012-12-25 14:29:54.386544	2012-12-25 14:29:54.386544	\N	\N	0	0	0	0
2988	040250	BOLÍVAR	384	2012-12-25 14:29:54.386544	2012-12-25 14:29:54.386544	\N	\N	1	0	0	0
2989	040251	GARCÍA MORENO	384	2012-12-25 14:29:54.386544	2012-12-25 14:29:54.386544	\N	\N	0	0	0	0
2990	040254	SAN VICENTE DE PUSIR	384	2012-12-25 14:29:54.386544	2012-12-25 14:29:54.386544	\N	\N	0	0	0	0
2991	040252	LOS ANDES	384	2012-12-25 14:29:54.386544	2012-12-25 14:29:54.386544	\N	\N	0	0	0	0
2992	040255	SAN RAFAEL	384	2012-12-25 14:29:54.386544	2012-12-25 14:29:54.386544	\N	\N	0	0	0	0
2993	040253	MONTE OLIVO	384	2012-12-25 14:29:54.386544	2012-12-25 14:29:54.386544	\N	\N	0	0	0	0
2994	040350	EL ANGEL	385	2012-12-25 14:29:54.386544	2012-12-25 14:29:54.386544	\N	\N	1	0	0	0
2995	040301	EL ÁNGEL	385	2012-12-25 14:29:54.386544	2012-12-25 14:29:54.386544	\N	\N	0	0	0	0
2996	040302	27 DE SEPTIEMBRE	385	2012-12-25 14:29:54.386544	2012-12-25 14:29:54.386544	\N	\N	0	0	0	0
2997	040351	EL GOALTAL	385	2012-12-25 14:29:54.386544	2012-12-25 14:29:54.386544	\N	\N	0	0	0	0
2998	040353	SAN ISIDRO	385	2012-12-25 14:29:54.386544	2012-12-25 14:29:54.386544	\N	\N	0	0	0	0
2999	040352	LA LIBERTAD (ALIZO)	385	2012-12-25 14:29:54.386544	2012-12-25 14:29:54.386544	\N	\N	0	0	0	0
3000	040450	MIRA (CHONTAHUASI)	386	2012-12-25 14:29:54.386544	2012-12-25 14:29:54.386544	\N	\N	1	0	0	0
3001	040451	CONCEPCIÓN	386	2012-12-25 14:29:54.386544	2012-12-25 14:29:54.386544	\N	\N	0	0	0	0
3002	040453	JUAN MONTALVO (SAN IGNACIO DE QUIL)	386	2012-12-25 14:29:54.386544	2012-12-25 14:29:54.386544	\N	\N	0	0	0	0
3003	040452	JIJÓN Y CAAMAÑO (CAB. EN RÍO BLANCO)	386	2012-12-25 14:29:54.386544	2012-12-25 14:29:54.386544	\N	\N	0	0	0	0
3004	040550	SAN GABRIEL	387	2012-12-25 14:29:54.386544	2012-12-25 14:29:54.386544	\N	\N	1	0	0	0
3005	040501	GONZÁLEZ SUÁREZ	387	2012-12-25 14:29:54.386544	2012-12-25 14:29:54.386544	\N	\N	0	0	0	0
3006	040502	SAN JOSÉ	387	2012-12-25 14:29:54.386544	2012-12-25 14:29:54.386544	\N	\N	0	0	0	0
3007	040551	CRISTÓBAL COLÓN	387	2012-12-25 14:29:54.386544	2012-12-25 14:29:54.386544	\N	\N	0	0	0	0
3008	040554	LA PAZ	387	2012-12-25 14:29:54.386544	2012-12-25 14:29:54.386544	\N	\N	0	0	0	0
3009	040552	CHITÁN DE NAVARRETE	387	2012-12-25 14:29:54.386544	2012-12-25 14:29:54.386544	\N	\N	0	0	0	0
3010	040555	PIARTAL	387	2012-12-25 14:29:54.386544	2012-12-25 14:29:54.386544	\N	\N	0	0	0	0
3011	040553	FERNÁNDEZ SALVADOR	387	2012-12-25 14:29:54.386544	2012-12-25 14:29:54.386544	\N	\N	0	0	0	0
3012	040650	HUACA	388	2012-12-25 14:29:54.386544	2012-12-25 14:29:54.386544	\N	\N	1	0	0	0
3013	040651	MARISCAL SUCRE	388	2012-12-25 14:29:54.386544	2012-12-25 14:29:54.386544	\N	\N	0	0	0	0
3014	050150	LATACUNGA	389	2012-12-25 14:29:54.386544	2012-12-25 14:29:54.386544	\N	\N	1	1	0	0
3015	050101	ELOY ALFARO (SAN FELIPE)	389	2012-12-25 14:29:54.386544	2012-12-25 14:29:54.386544	\N	\N	0	0	0	0
3016	050104	LA MATRIZ	389	2012-12-25 14:29:54.386544	2012-12-25 14:29:54.386544	\N	\N	0	0	0	0
3017	050102	IGNACIO FLORES (PARQUE FLORES)	389	2012-12-25 14:29:54.386544	2012-12-25 14:29:54.386544	\N	\N	0	0	0	0
3018	050105	SAN BUENAVENTURA	389	2012-12-25 14:29:54.386544	2012-12-25 14:29:54.386544	\N	\N	0	0	0	0
3019	050103	JUAN MONTALVO (SAN SEBASTIÁN)	389	2012-12-25 14:29:54.386544	2012-12-25 14:29:54.386544	\N	\N	0	0	0	0
3020	050151	ALAQUES (ALÁQUEZ)	389	2012-12-25 14:29:54.386544	2012-12-25 14:29:54.386544	\N	\N	0	0	0	0
3021	050158	POALÓ	389	2012-12-25 14:29:54.386544	2012-12-25 14:29:54.386544	\N	\N	0	0	0	0
3022	050152	BELISARIO QUEVEDO (GUANAILÍN)	389	2012-12-25 14:29:54.386544	2012-12-25 14:29:54.386544	\N	\N	0	0	0	0
3023	050159	SAN JUAN DE PASTOCALLE	389	2012-12-25 14:29:54.386544	2012-12-25 14:29:54.386544	\N	\N	0	0	0	0
3024	050153	GUAITACAMA (GUAYTACAMA)	389	2012-12-25 14:29:54.386544	2012-12-25 14:29:54.386544	\N	\N	0	0	0	0
3025	050160	SIGCHOS	389	2012-12-25 14:29:54.386544	2012-12-25 14:29:54.386544	\N	\N	0	0	1	0
3026	050154	JOSEGUANGO BAJO	389	2012-12-25 14:29:54.386544	2012-12-25 14:29:54.386544	\N	\N	0	0	0	0
3027	050161	TANICUCHÍ	389	2012-12-25 14:29:54.386544	2012-12-25 14:29:54.386544	\N	\N	0	0	0	0
3028	050155	LAS PAMPAS	389	2012-12-25 14:29:54.386544	2012-12-25 14:29:54.386544	\N	\N	0	0	1	0
3029	050162	TOACASO	389	2012-12-25 14:29:54.386544	2012-12-25 14:29:54.386544	\N	\N	0	0	0	0
3030	050156	MULALÓ	389	2012-12-25 14:29:54.386544	2012-12-25 14:29:54.386544	\N	\N	0	0	0	0
3031	050163	PALO QUEMADO	389	2012-12-25 14:29:54.386544	2012-12-25 14:29:54.386544	\N	\N	0	0	1	0
3032	050157	11 DE NOVIEMBRE (ILINCHISI)	389	2012-12-25 14:29:54.386544	2012-12-25 14:29:54.386544	\N	\N	0	0	0	0
3033	050250	LA MANÁ	390	2012-12-25 14:29:54.386544	2012-12-25 14:29:54.386544	\N	\N	1	0	0	0
3034	050201	EL CARMEN	390	2012-12-25 14:29:54.386544	2012-12-25 14:29:54.386544	\N	\N	0	0	0	0
3035	050203	EL TRIUNFO	390	2012-12-25 14:29:54.386544	2012-12-25 14:29:54.386544	\N	\N	0	0	0	0
3036	050202	LA MANÁ	390	2012-12-25 14:29:54.386544	2012-12-25 14:29:54.386544	\N	\N	0	0	0	0
3037	050251	GUASAGANDA (CAB.EN GUASAGANDA	390	2012-12-25 14:29:54.386544	2012-12-25 14:29:54.386544	\N	\N	0	0	0	0
3038	050252	PUCAYACU	390	2012-12-25 14:29:54.386544	2012-12-25 14:29:54.386544	\N	\N	0	0	0	0
3039	050350	EL CORAZÓN	391	2012-12-25 14:29:54.386544	2012-12-25 14:29:54.386544	\N	\N	1	0	0	0
3040	050351	MORASPUNGO	391	2012-12-25 14:29:54.386544	2012-12-25 14:29:54.386544	\N	\N	0	0	0	0
3041	050353	RAMÓN CAMPAÑA	391	2012-12-25 14:29:54.386544	2012-12-25 14:29:54.386544	\N	\N	0	0	0	0
3042	050352	PINLLOPATA	391	2012-12-25 14:29:54.386544	2012-12-25 14:29:54.386544	\N	\N	0	0	0	0
3043	050450	PUJILÍ	392	2012-12-25 14:29:54.386544	2012-12-25 14:29:54.386544	\N	\N	1	0	0	0
3044	050451	ANGAMARCA	392	2012-12-25 14:29:54.386544	2012-12-25 14:29:54.386544	\N	\N	0	0	0	0
3045	050455	LA VICTORIA	392	2012-12-25 14:29:54.386544	2012-12-25 14:29:54.386544	\N	\N	0	0	0	0
3046	050452	CHUCCHILÁN (CHUGCHILÁN)	392	2012-12-25 14:29:54.386544	2012-12-25 14:29:54.386544	\N	\N	0	0	1	0
3047	050456	PILALÓ	392	2012-12-25 14:29:54.386544	2012-12-25 14:29:54.386544	\N	\N	0	0	0	0
3048	050453	GUANGAJE	392	2012-12-25 14:29:54.386544	2012-12-25 14:29:54.386544	\N	\N	0	0	0	0
3049	050457	TINGO	392	2012-12-25 14:29:54.386544	2012-12-25 14:29:54.386544	\N	\N	0	0	0	0
3050	050454	ISINLIBÍ (ISINLIVÍ)	392	2012-12-25 14:29:54.386544	2012-12-25 14:29:54.386544	\N	\N	0	0	1	0
3051	050458	ZUMBAHUA	392	2012-12-25 14:29:54.386544	2012-12-25 14:29:54.386544	\N	\N	0	0	0	0
3052	050550	SAN MIGUEL	393	2012-12-25 14:29:54.386544	2012-12-25 14:29:54.386544	\N	\N	1	0	0	0
3053	050551	ANTONIO JOSÉ HOLGUÍN (SANTA LUCÍA)	393	2012-12-25 14:29:54.386544	2012-12-25 14:29:54.386544	\N	\N	0	0	0	0
3054	050554	MULLIQUINDIL (SANTA ANA)	393	2012-12-25 14:29:54.386544	2012-12-25 14:29:54.386544	\N	\N	0	0	0	0
3055	050552	CUSUBAMBA	393	2012-12-25 14:29:54.386544	2012-12-25 14:29:54.386544	\N	\N	0	0	0	0
3056	050555	PANSALEO	393	2012-12-25 14:29:54.386544	2012-12-25 14:29:54.386544	\N	\N	0	0	0	0
3057	050553	MULALILLO	393	2012-12-25 14:29:54.386544	2012-12-25 14:29:54.386544	\N	\N	0	0	0	0
3058	050650	SAQUISILÍ	394	2012-12-25 14:29:54.386544	2012-12-25 14:29:54.386544	\N	\N	1	0	0	0
3059	050651	CANCHAGUA	394	2012-12-25 14:29:54.386544	2012-12-25 14:29:54.386544	\N	\N	0	0	0	0
3060	050653	COCHAPAMBA	394	2012-12-25 14:29:54.386544	2012-12-25 14:29:54.386544	\N	\N	0	0	0	0
3061	050652	CHANTILÍN	394	2012-12-25 14:29:54.386544	2012-12-25 14:29:54.386544	\N	\N	0	0	0	0
3062	050750	SIGCHOS	395	2012-12-25 14:29:54.386544	2012-12-25 14:29:54.386544	\N	\N	1	0	0	0
3063	050751	CHUGCHILLÁN	395	2012-12-25 14:29:54.386544	2012-12-25 14:29:54.386544	\N	\N	0	0	0	0
3064	050753	LAS PAMPAS	395	2012-12-25 14:29:54.386544	2012-12-25 14:29:54.386544	\N	\N	0	0	0	0
3065	050752	ISINLIVÍ	395	2012-12-25 14:29:54.386544	2012-12-25 14:29:54.386544	\N	\N	0	0	0	0
3066	050754	PALO QUEMADO	395	2012-12-25 14:29:54.386544	2012-12-25 14:29:54.386544	\N	\N	0	0	0	0
3067	060150	RIOBAMBA	396	2012-12-25 14:29:54.386544	2012-12-25 14:29:54.386544	\N	\N	1	1	0	0
3068	060101	LIZARZABURU	396	2012-12-25 14:29:54.386544	2012-12-25 14:29:54.386544	\N	\N	0	0	0	0
3069	060104	VELOZ	396	2012-12-25 14:29:54.386544	2012-12-25 14:29:54.386544	\N	\N	0	0	0	0
3070	060102	MALDONADO	396	2012-12-25 14:29:54.386544	2012-12-25 14:29:54.386544	\N	\N	0	0	0	0
3071	060105	YARUQUÍES	396	2012-12-25 14:29:54.386544	2012-12-25 14:29:54.386544	\N	\N	0	0	0	0
3072	060103	VELASCO	396	2012-12-25 14:29:54.386544	2012-12-25 14:29:54.386544	\N	\N	0	0	0	0
3073	060151	CACHA (CAB. EN MACHÁNGARA)	396	2012-12-25 14:29:54.386544	2012-12-25 14:29:54.386544	\N	\N	0	0	0	0
3074	060157	PUNGALÁ	396	2012-12-25 14:29:54.386544	2012-12-25 14:29:54.386544	\N	\N	0	0	0	0
3075	060152	CALPI	396	2012-12-25 14:29:54.386544	2012-12-25 14:29:54.386544	\N	\N	0	0	0	0
3076	060158	PUNÍN	396	2012-12-25 14:29:54.386544	2012-12-25 14:29:54.386544	\N	\N	0	0	0	0
3077	060153	CUBIJÍES	396	2012-12-25 14:29:54.386544	2012-12-25 14:29:54.386544	\N	\N	0	0	0	0
3078	060159	QUIMIAG	396	2012-12-25 14:29:54.386544	2012-12-25 14:29:54.386544	\N	\N	0	0	0	0
3079	060154	FLORES	396	2012-12-25 14:29:54.386544	2012-12-25 14:29:54.386544	\N	\N	0	0	0	0
3080	060160	SAN JUAN	396	2012-12-25 14:29:54.386544	2012-12-25 14:29:54.386544	\N	\N	0	0	0	0
3081	060155	LICÁN	396	2012-12-25 14:29:54.386544	2012-12-25 14:29:54.386544	\N	\N	0	0	0	0
3082	060161	SAN LUIS	396	2012-12-25 14:29:54.386544	2012-12-25 14:29:54.386544	\N	\N	0	0	0	0
3083	060156	LICTO	396	2012-12-25 14:29:54.386544	2012-12-25 14:29:54.386544	\N	\N	0	0	0	0
3084	060250	ALAUSÍ	397	2012-12-25 14:29:54.386544	2012-12-25 14:29:54.386544	\N	\N	1	0	0	0
3085	060251	ACHUPALLAS	397	2012-12-25 14:29:54.386544	2012-12-25 14:29:54.386544	\N	\N	0	0	0	0
3086	060256	PISTISHÍ (NARIZ DEL DIABLO)	397	2012-12-25 14:29:54.386544	2012-12-25 14:29:54.386544	\N	\N	0	0	0	0
3087	060252	CUMANDÁ	397	2012-12-25 14:29:54.386544	2012-12-25 14:29:54.386544	\N	\N	0	0	1	0
3088	060257	PUMALLACTA	397	2012-12-25 14:29:54.386544	2012-12-25 14:29:54.386544	\N	\N	0	0	0	0
3089	060253	GUASUNTOS	397	2012-12-25 14:29:54.386544	2012-12-25 14:29:54.386544	\N	\N	0	0	0	0
3090	060258	SEVILLA	397	2012-12-25 14:29:54.386544	2012-12-25 14:29:54.386544	\N	\N	0	0	0	0
3091	060254	HUIGRA	397	2012-12-25 14:29:54.386544	2012-12-25 14:29:54.386544	\N	\N	0	0	0	0
3092	060259	SIBAMBE	397	2012-12-25 14:29:54.386544	2012-12-25 14:29:54.386544	\N	\N	0	0	0	0
3093	060255	MULTITUD	397	2012-12-25 14:29:54.386544	2012-12-25 14:29:54.386544	\N	\N	0	0	0	0
3094	060260	TIXÁN	397	2012-12-25 14:29:54.386544	2012-12-25 14:29:54.386544	\N	\N	0	0	0	0
3095	060350	VILLA LA UNIÓN (CAJABAMBA)	398	2012-12-25 14:29:54.386544	2012-12-25 14:29:54.386544	\N	\N	1	0	0	0
3096	060301	CAJABAMBA	398	2012-12-25 14:29:54.386544	2012-12-25 14:29:54.386544	\N	\N	0	0	0	0
3097	060302	SICALPA	398	2012-12-25 14:29:54.386544	2012-12-25 14:29:54.386544	\N	\N	0	0	0	0
3098	060351	CAÑI	398	2012-12-25 14:29:54.386544	2012-12-25 14:29:54.386544	\N	\N	0	0	0	0
3099	060353	JUAN DE VELASCO (PANGOR)	398	2012-12-25 14:29:54.386544	2012-12-25 14:29:54.386544	\N	\N	0	0	0	0
3100	060352	COLUMBE	398	2012-12-25 14:29:54.386544	2012-12-25 14:29:54.386544	\N	\N	0	0	0	0
3101	060354	SANTIAGO DE QUITO (CAB. EN SAN ANTONIO DE QUITO)	398	2012-12-25 14:29:54.386544	2012-12-25 14:29:54.386544	\N	\N	0	0	0	0
3102	060450	CHAMBO	399	2012-12-25 14:29:54.386544	2012-12-25 14:29:54.386544	\N	\N	1	0	0	0
3103	060550	CHUNCHI	400	2012-12-25 14:29:54.386544	2012-12-25 14:29:54.386544	\N	\N	1	0	0	0
3104	060551	CAPZOL	400	2012-12-25 14:29:54.386544	2012-12-25 14:29:54.386544	\N	\N	0	0	0	0
3105	060553	GONZOL	400	2012-12-25 14:29:54.386544	2012-12-25 14:29:54.386544	\N	\N	0	0	0	0
3106	060552	COMPUD	400	2012-12-25 14:29:54.386544	2012-12-25 14:29:54.386544	\N	\N	0	0	0	0
3107	060554	LLAGOS	400	2012-12-25 14:29:54.386544	2012-12-25 14:29:54.386544	\N	\N	0	0	0	0
3108	060650	GUAMOTE	401	2012-12-25 14:29:54.386544	2012-12-25 14:29:54.386544	\N	\N	1	0	0	0
3109	060651	CEBADAS	401	2012-12-25 14:29:54.386544	2012-12-25 14:29:54.386544	\N	\N	0	0	0	0
3110	060652	PALMIRA	401	2012-12-25 14:29:54.386544	2012-12-25 14:29:54.386544	\N	\N	0	0	0	0
3111	060750	GUANO	402	2012-12-25 14:29:54.386544	2012-12-25 14:29:54.386544	\N	\N	1	0	0	0
3112	060701	EL ROSARIO	402	2012-12-25 14:29:54.386544	2012-12-25 14:29:54.386544	\N	\N	0	0	0	0
3113	060702	LA MATRIZ	402	2012-12-25 14:29:54.386544	2012-12-25 14:29:54.386544	\N	\N	0	0	0	0
3114	060751	GUANANDO	402	2012-12-25 14:29:54.386544	2012-12-25 14:29:54.386544	\N	\N	0	0	0	0
3115	060756	SAN ISIDRO DE PATULÚ	402	2012-12-25 14:29:54.386544	2012-12-25 14:29:54.386544	\N	\N	0	0	0	0
3116	060752	ILAPO	402	2012-12-25 14:29:54.386544	2012-12-25 14:29:54.386544	\N	\N	0	0	0	0
3117	060757	SAN JOSÉ DEL CHAZO	402	2012-12-25 14:29:54.386544	2012-12-25 14:29:54.386544	\N	\N	0	0	0	0
3118	060753	LA PROVIDENCIA	402	2012-12-25 14:29:54.386544	2012-12-25 14:29:54.386544	\N	\N	0	0	0	0
3119	060758	SANTA FÉ DE GALÁN	402	2012-12-25 14:29:54.386544	2012-12-25 14:29:54.386544	\N	\N	0	0	0	0
3120	060754	SAN ANDRÉS	402	2012-12-25 14:29:54.386544	2012-12-25 14:29:54.386544	\N	\N	0	0	0	0
3121	060759	VALPARAÍSO	402	2012-12-25 14:29:54.386544	2012-12-25 14:29:54.386544	\N	\N	0	0	0	0
3122	060755	SAN GERARDO DE PACAICAGUÁN	402	2012-12-25 14:29:54.386544	2012-12-25 14:29:54.386544	\N	\N	0	0	0	0
3123	060850	PALLATANGA	403	2012-12-25 14:29:54.386544	2012-12-25 14:29:54.386544	\N	\N	1	0	0	0
3124	060950	PENIPE	404	2012-12-25 14:29:54.386544	2012-12-25 14:29:54.386544	\N	\N	1	0	0	0
3125	060951	EL ALTAR	404	2012-12-25 14:29:54.386544	2012-12-25 14:29:54.386544	\N	\N	0	0	0	0
3126	060954	SAN ANTONIO DE BAYUSHIG	404	2012-12-25 14:29:54.386544	2012-12-25 14:29:54.386544	\N	\N	0	0	0	0
3127	060952	MATUS	404	2012-12-25 14:29:54.386544	2012-12-25 14:29:54.386544	\N	\N	0	0	0	0
3128	060955	LA CANDELARIA	404	2012-12-25 14:29:54.386544	2012-12-25 14:29:54.386544	\N	\N	0	0	0	0
3129	060953	PUELA	404	2012-12-25 14:29:54.386544	2012-12-25 14:29:54.386544	\N	\N	0	0	0	0
3130	060956	BILBAO (CAB.EN QUILLUYACU)	404	2012-12-25 14:29:54.386544	2012-12-25 14:29:54.386544	\N	\N	0	0	0	0
3131	061050	CUMANDÁ	405	2012-12-25 14:29:54.386544	2012-12-25 14:29:54.386544	\N	\N	1	0	0	0
3132	070150	MACHALA	406	2012-12-25 14:29:54.386544	2012-12-25 14:29:54.386544	\N	\N	1	1	0	0
3133	070101	LA PROVIDENCIA	406	2012-12-25 14:29:54.386544	2012-12-25 14:29:54.386544	\N	\N	0	0	0	0
3134	070104	NUEVE DE MAYO	406	2012-12-25 14:29:54.386544	2012-12-25 14:29:54.386544	\N	\N	0	0	0	0
3135	070102	MACHALA	406	2012-12-25 14:29:54.386544	2012-12-25 14:29:54.386544	\N	\N	0	0	0	0
3136	070105	EL CAMBIO	406	2012-12-25 14:29:54.386544	2012-12-25 14:29:54.386544	\N	\N	0	0	0	0
3137	070103	PUERTO BOLÍVAR	406	2012-12-25 14:29:54.386544	2012-12-25 14:29:54.386544	\N	\N	0	0	0	0
3138	070151	EL CAMBIO	406	2012-12-25 14:29:54.386544	2012-12-25 14:29:54.386544	\N	\N	0	0	1	0
3139	070152	EL RETIRO	406	2012-12-25 14:29:54.386544	2012-12-25 14:29:54.386544	\N	\N	0	0	0	0
3140	070250	ARENILLAS	407	2012-12-25 14:29:54.386544	2012-12-25 14:29:54.386544	\N	\N	1	0	0	0
3141	070251	CHACRAS	407	2012-12-25 14:29:54.386544	2012-12-25 14:29:54.386544	\N	\N	0	0	0	0
3142	070254	PALMALES	407	2012-12-25 14:29:54.386544	2012-12-25 14:29:54.386544	\N	\N	0	0	0	0
3143	070252	 LA LIBERTAD	407	2012-12-25 14:29:54.386544	2012-12-25 14:29:54.386544	\N	\N	0	0	1	0
3144	070255	CARCABÓN	407	2012-12-25 14:29:54.386544	2012-12-25 14:29:54.386544	\N	\N	0	0	0	0
3145	070253	LAS LAJAS (CAB. EN LA VICTORIA)	407	2012-12-25 14:29:54.386544	2012-12-25 14:29:54.386544	\N	\N	0	0	1	0
3146	070350	PACCHA	408	2012-12-25 14:29:54.386544	2012-12-25 14:29:54.386544	\N	\N	1	0	0	0
3147	070351	AYAPAMBA	408	2012-12-25 14:29:54.386544	2012-12-25 14:29:54.386544	\N	\N	0	0	0	0
3148	070354	SAN JOSÉ	408	2012-12-25 14:29:54.386544	2012-12-25 14:29:54.386544	\N	\N	0	0	0	0
3149	070352	CORDONCILLO	408	2012-12-25 14:29:54.386544	2012-12-25 14:29:54.386544	\N	\N	0	0	0	0
3150	070355	SAN JUAN DE CERRO AZUL	408	2012-12-25 14:29:54.386544	2012-12-25 14:29:54.386544	\N	\N	0	0	0	0
3151	070353	MILAGRO	408	2012-12-25 14:29:54.386544	2012-12-25 14:29:54.386544	\N	\N	0	0	0	0
3152	070450	BALSAS	409	2012-12-25 14:29:54.386544	2012-12-25 14:29:54.386544	\N	\N	1	0	0	0
3153	070451	BELLAMARÍA	409	2012-12-25 14:29:54.386544	2012-12-25 14:29:54.386544	\N	\N	0	0	0	0
3154	070550	CHILLA	410	2012-12-25 14:29:54.386544	2012-12-25 14:29:54.386544	\N	\N	1	0	0	0
3155	070650	EL GUABO	411	2012-12-25 14:29:54.386544	2012-12-25 14:29:54.386544	\N	\N	1	0	0	0
3156	070651	BARBONES (SUCRE)	411	2012-12-25 14:29:54.386544	2012-12-25 14:29:54.386544	\N	\N	0	0	0	0
3157	070653	TENDALES (CAB.EN PUERTO TENDALES)	411	2012-12-25 14:29:54.386544	2012-12-25 14:29:54.386544	\N	\N	0	0	0	0
3158	070652	LA IBERIA	411	2012-12-25 14:29:54.386544	2012-12-25 14:29:54.386544	\N	\N	0	0	0	0
3159	070654	RÍO BONITO	411	2012-12-25 14:29:54.386544	2012-12-25 14:29:54.386544	\N	\N	0	0	0	0
3160	070750	HUAQUILLAS	412	2012-12-25 14:29:54.386544	2012-12-25 14:29:54.386544	\N	\N	1	0	0	0
3161	070701	ECUADOR	412	2012-12-25 14:29:54.386544	2012-12-25 14:29:54.386544	\N	\N	0	0	0	0
3162	070704	MILTON REYES	412	2012-12-25 14:29:54.386544	2012-12-25 14:29:54.386544	\N	\N	0	0	0	0
3163	070702	EL PARAÍSO	412	2012-12-25 14:29:54.386544	2012-12-25 14:29:54.386544	\N	\N	0	0	0	0
3164	070705	UNIÓN LOJANA	412	2012-12-25 14:29:54.386544	2012-12-25 14:29:54.386544	\N	\N	0	0	0	0
3165	070703	HUALTACO	412	2012-12-25 14:29:54.386544	2012-12-25 14:29:54.386544	\N	\N	0	0	0	0
3166	070850	MARCABELÍ	413	2012-12-25 14:29:54.386544	2012-12-25 14:29:54.386544	\N	\N	1	0	0	0
3167	070851	EL INGENIO	413	2012-12-25 14:29:54.386544	2012-12-25 14:29:54.386544	\N	\N	0	0	0	0
3168	070950	PASAJE	414	2012-12-25 14:29:54.386544	2012-12-25 14:29:54.386544	\N	\N	1	0	0	0
3169	070901	BOLÍVAR	414	2012-12-25 14:29:54.386544	2012-12-25 14:29:54.386544	\N	\N	0	0	0	0
3170	070903	OCHOA LEÓN (MATRIZ)	414	2012-12-25 14:29:54.386544	2012-12-25 14:29:54.386544	\N	\N	0	0	0	0
3171	070902	LOMA DE FRANCO	414	2012-12-25 14:29:54.386544	2012-12-25 14:29:54.386544	\N	\N	0	0	0	0
3172	070904	TRES CERRITOS	414	2012-12-25 14:29:54.386544	2012-12-25 14:29:54.386544	\N	\N	0	0	0	0
3173	070951	BUENAVISTA	414	2012-12-25 14:29:54.386544	2012-12-25 14:29:54.386544	\N	\N	0	0	0	0
3174	070954	PROGRESO	414	2012-12-25 14:29:54.386544	2012-12-25 14:29:54.386544	\N	\N	0	0	0	0
3175	070952	CASACAY	414	2012-12-25 14:29:54.386544	2012-12-25 14:29:54.386544	\N	\N	0	0	0	0
3176	070955	UZHCURRUMI	414	2012-12-25 14:29:54.386544	2012-12-25 14:29:54.386544	\N	\N	0	0	0	0
3177	070953	LA PEAÑA	414	2012-12-25 14:29:54.386544	2012-12-25 14:29:54.386544	\N	\N	0	0	0	0
3178	070956	CAÑAQUEMADA	414	2012-12-25 14:29:54.386544	2012-12-25 14:29:54.386544	\N	\N	0	0	0	0
3179	071050	PIÑAS	415	2012-12-25 14:29:54.386544	2012-12-25 14:29:54.386544	\N	\N	1	0	0	0
3180	071001	LA MATRIZ	415	2012-12-25 14:29:54.386544	2012-12-25 14:29:54.386544	\N	\N	0	0	0	0
3181	071003	PIÑAS GRANDE	415	2012-12-25 14:29:54.386544	2012-12-25 14:29:54.386544	\N	\N	0	0	0	0
3182	071002	LA SUSAYA	415	2012-12-25 14:29:54.386544	2012-12-25 14:29:54.386544	\N	\N	0	0	0	0
3183	071051	CAPIRO (CAB. EN LA CAPILLA DE CAPIRO)	415	2012-12-25 14:29:54.386544	2012-12-25 14:29:54.386544	\N	\N	0	0	0	0
3184	071054	PIEDRAS	415	2012-12-25 14:29:54.386544	2012-12-25 14:29:54.386544	\N	\N	0	0	0	0
3185	071052	LA BOCANA	415	2012-12-25 14:29:54.386544	2012-12-25 14:29:54.386544	\N	\N	0	0	0	0
3186	071055	SAN ROQUE (AMBROSIO MALDONADO)	415	2012-12-25 14:29:54.386544	2012-12-25 14:29:54.386544	\N	\N	0	0	0	0
3187	071053	MOROMORO (CAB. EN EL VADO)	415	2012-12-25 14:29:54.386544	2012-12-25 14:29:54.386544	\N	\N	0	0	0	0
3188	071056	SARACAY	415	2012-12-25 14:29:54.386544	2012-12-25 14:29:54.386544	\N	\N	0	0	0	0
3189	071150	PORTOVELO	416	2012-12-25 14:29:54.386544	2012-12-25 14:29:54.386544	\N	\N	1	0	0	0
3190	071151	CURTINCAPA	416	2012-12-25 14:29:54.386544	2012-12-25 14:29:54.386544	\N	\N	0	0	0	0
3191	071153	SALATÍ	416	2012-12-25 14:29:54.386544	2012-12-25 14:29:54.386544	\N	\N	0	0	0	0
3192	071152	MORALES	416	2012-12-25 14:29:54.386544	2012-12-25 14:29:54.386544	\N	\N	0	0	0	0
3193	071250	SANTA ROSA	417	2012-12-25 14:29:54.386544	2012-12-25 14:29:54.386544	\N	\N	1	0	0	0
3194	071201	SANTA ROSA	417	2012-12-25 14:29:54.386544	2012-12-25 14:29:54.386544	\N	\N	0	0	0	0
3195	071204	JUMÓN (SATÉLITE)	417	2012-12-25 14:29:54.386544	2012-12-25 14:29:54.386544	\N	\N	0	0	0	0
3196	071202	PUERTO JELÍ	417	2012-12-25 14:29:54.386544	2012-12-25 14:29:54.386544	\N	\N	0	0	0	0
3197	071205	NUEVO SANTA ROSA	417	2012-12-25 14:29:54.386544	2012-12-25 14:29:54.386544	\N	\N	0	0	0	0
3198	071203	BALNEARIO JAMBELÍ (SATÉLITE)	417	2012-12-25 14:29:54.386544	2012-12-25 14:29:54.386544	\N	\N	0	0	0	0
3199	071251	BELLAVISTA	417	2012-12-25 14:29:54.386544	2012-12-25 14:29:54.386544	\N	\N	0	0	0	0
3200	071255	TORATA	417	2012-12-25 14:29:54.386544	2012-12-25 14:29:54.386544	\N	\N	0	0	0	0
3201	071252	JAMBELÍ	417	2012-12-25 14:29:54.386544	2012-12-25 14:29:54.386544	\N	\N	0	0	0	0
3202	071256	VICTORIA	417	2012-12-25 14:29:54.386544	2012-12-25 14:29:54.386544	\N	\N	0	0	0	0
3203	071253	LA AVANZADA	417	2012-12-25 14:29:54.386544	2012-12-25 14:29:54.386544	\N	\N	0	0	0	0
3204	071257	BELLAMARÍA	417	2012-12-25 14:29:54.386544	2012-12-25 14:29:54.386544	\N	\N	0	0	0	0
3205	071254	SAN ANTONIO	417	2012-12-25 14:29:54.386544	2012-12-25 14:29:54.386544	\N	\N	0	0	0	0
3206	071350	ZARUMA	418	2012-12-25 14:29:54.386544	2012-12-25 14:29:54.386544	\N	\N	1	0	0	0
3207	071351	ABAÑÍN	418	2012-12-25 14:29:54.386544	2012-12-25 14:29:54.386544	\N	\N	0	0	0	0
3208	071356	MALVAS	418	2012-12-25 14:29:54.386544	2012-12-25 14:29:54.386544	\N	\N	0	0	0	0
3209	071352	ARCAPAMBA	418	2012-12-25 14:29:54.386544	2012-12-25 14:29:54.386544	\N	\N	0	0	0	0
3210	071357	MULUNCAY GRANDE	418	2012-12-25 14:29:54.386544	2012-12-25 14:29:54.386544	\N	\N	0	0	0	0
3211	071353	GUANAZÁN	418	2012-12-25 14:29:54.386544	2012-12-25 14:29:54.386544	\N	\N	0	0	0	0
3212	071358	SINSAO	418	2012-12-25 14:29:54.386544	2012-12-25 14:29:54.386544	\N	\N	0	0	0	0
3213	071354	GUIZHAGUIÑA	418	2012-12-25 14:29:54.386544	2012-12-25 14:29:54.386544	\N	\N	0	0	0	0
3214	071359	SALVIAS	418	2012-12-25 14:29:54.386544	2012-12-25 14:29:54.386544	\N	\N	0	0	0	0
3215	071355	HUERTAS	418	2012-12-25 14:29:54.386544	2012-12-25 14:29:54.386544	\N	\N	0	0	0	0
3216	071450	LA VICTORIA	419	2012-12-25 14:29:54.386544	2012-12-25 14:29:54.386544	\N	\N	1	0	0	0
3217	071401	LA VICTORIA	419	2012-12-25 14:29:54.386544	2012-12-25 14:29:54.386544	\N	\N	0	0	0	0
3218	071403	VALLE HERMOSO	419	2012-12-25 14:29:54.386544	2012-12-25 14:29:54.386544	\N	\N	0	0	0	0
3219	071402	PLATANILLOS	419	2012-12-25 14:29:54.386544	2012-12-25 14:29:54.386544	\N	\N	0	0	0	0
3220	071451	LA LIBERTAD	419	2012-12-25 14:29:54.386544	2012-12-25 14:29:54.386544	\N	\N	0	0	0	0
3221	071453	SAN ISIDRO	419	2012-12-25 14:29:54.386544	2012-12-25 14:29:54.386544	\N	\N	0	0	0	0
3222	071452	EL PARAÍSO	419	2012-12-25 14:29:54.386544	2012-12-25 14:29:54.386544	\N	\N	0	0	0	0
3223	080150	ESMERALDAS	420	2012-12-25 14:29:54.386544	2012-12-25 14:29:54.386544	\N	\N	1	1	0	0
3224	080101	BARTOLOMÉ RUIZ (CÉSAR FRANCO CARRIÓN)	420	2012-12-25 14:29:54.386544	2012-12-25 14:29:54.386544	\N	\N	0	0	0	0
3225	080104	LUIS TELLO (LAS PALMAS)	420	2012-12-25 14:29:54.386544	2012-12-25 14:29:54.386544	\N	\N	0	0	0	0
3226	080102	5 DE AGOSTO	420	2012-12-25 14:29:54.386544	2012-12-25 14:29:54.386544	\N	\N	0	0	0	0
3227	080105	SIMÓN PLATA TORRES	420	2012-12-25 14:29:54.386544	2012-12-25 14:29:54.386544	\N	\N	0	0	0	0
3228	080103	ESMERALDAS	420	2012-12-25 14:29:54.386544	2012-12-25 14:29:54.386544	\N	\N	0	0	0	0
3229	080151	ATACAMES	420	2012-12-25 14:29:54.386544	2012-12-25 14:29:54.386544	\N	\N	0	0	1	0
3230	080160	MONTALVO (CAB. EN HORQUETA)	420	2012-12-25 14:29:54.386544	2012-12-25 14:29:54.386544	\N	\N	0	0	1	0
3231	080152	CAMARONES (CAB. EN SAN VICENTE)	420	2012-12-25 14:29:54.386544	2012-12-25 14:29:54.386544	\N	\N	0	0	0	0
3232	080161	RÍO VERDE	420	2012-12-25 14:29:54.386544	2012-12-25 14:29:54.386544	\N	\N	0	0	1	0
3233	080153	CRNEL. CARLOS CONCHA TORRES (CAB.EN HUELE)	420	2012-12-25 14:29:54.386544	2012-12-25 14:29:54.386544	\N	\N	0	0	0	0
3234	080162	ROCAFUERTE	420	2012-12-25 14:29:54.386544	2012-12-25 14:29:54.386544	\N	\N	0	0	1	0
3235	080154	CHINCA	420	2012-12-25 14:29:54.386544	2012-12-25 14:29:54.386544	\N	\N	0	0	0	0
3236	080163	SAN MATEO	420	2012-12-25 14:29:54.386544	2012-12-25 14:29:54.386544	\N	\N	0	0	0	0
3237	080155	CHONTADURO	420	2012-12-25 14:29:54.386544	2012-12-25 14:29:54.386544	\N	\N	0	0	1	0
3238	080164	SÚA (CAB. EN LA BOCANA)	420	2012-12-25 14:29:54.386544	2012-12-25 14:29:54.386544	\N	\N	0	0	1	0
3239	080156	CHUMUNDÉ	420	2012-12-25 14:29:54.386544	2012-12-25 14:29:54.386544	\N	\N	0	0	1	0
3240	080165	TABIAZO	420	2012-12-25 14:29:54.386544	2012-12-25 14:29:54.386544	\N	\N	0	0	0	0
3241	080157	LAGARTO	420	2012-12-25 14:29:54.386544	2012-12-25 14:29:54.386544	\N	\N	0	0	1	0
3242	080166	TACHINA	420	2012-12-25 14:29:54.386544	2012-12-25 14:29:54.386544	\N	\N	0	0	0	0
3243	080158	LA UNIÓN	420	2012-12-25 14:29:54.386544	2012-12-25 14:29:54.386544	\N	\N	0	0	1	0
3244	080167	TONCHIGÜE	420	2012-12-25 14:29:54.386544	2012-12-25 14:29:54.386544	\N	\N	0	0	1	0
3245	080159	MAJUA	420	2012-12-25 14:29:54.386544	2012-12-25 14:29:54.386544	\N	\N	0	0	0	0
3246	080168	VUELTA LARGA	420	2012-12-25 14:29:54.386544	2012-12-25 14:29:54.386544	\N	\N	0	0	0	0
3247	080250	VALDEZ (LIMONES)	421	2012-12-25 14:29:54.386544	2012-12-25 14:29:54.386544	\N	\N	1	0	0	0
3248	080251	ANCHAYACU	421	2012-12-25 14:29:54.386544	2012-12-25 14:29:54.386544	\N	\N	0	0	0	0
3249	080258	SAN FRANCISCO DE ONZOLE	421	2012-12-25 14:29:54.386544	2012-12-25 14:29:54.386544	\N	\N	0	0	0	0
3250	080252	ATAHUALPA (CAB. EN CAMARONES)	421	2012-12-25 14:29:54.386544	2012-12-25 14:29:54.386544	\N	\N	0	0	0	0
3251	080259	SANTO DOMINGO DE ONZOLE	421	2012-12-25 14:29:54.386544	2012-12-25 14:29:54.386544	\N	\N	0	0	0	0
3252	080253	BORBÓN	421	2012-12-25 14:29:54.386544	2012-12-25 14:29:54.386544	\N	\N	0	0	0	0
3253	080260	SELVA ALEGRE	421	2012-12-25 14:29:54.386544	2012-12-25 14:29:54.386544	\N	\N	0	0	0	0
3254	080254	LA TOLA	421	2012-12-25 14:29:54.386544	2012-12-25 14:29:54.386544	\N	\N	0	0	0	0
3255	080261	TELEMBÍ	421	2012-12-25 14:29:54.386544	2012-12-25 14:29:54.386544	\N	\N	0	0	0	0
3256	080255	LUIS VARGAS TORRES (CAB. EN PLAYA DE ORO)	421	2012-12-25 14:29:54.386544	2012-12-25 14:29:54.386544	\N	\N	0	0	0	0
3257	080262	COLÓN ELOY DEL MARÍA	421	2012-12-25 14:29:54.386544	2012-12-25 14:29:54.386544	\N	\N	0	0	0	0
3258	080256	MALDONADO	421	2012-12-25 14:29:54.386544	2012-12-25 14:29:54.386544	\N	\N	0	0	0	0
3259	080263	SAN JOSÉ DE CAYAPAS	421	2012-12-25 14:29:54.386544	2012-12-25 14:29:54.386544	\N	\N	0	0	0	0
3260	080257	PAMPANAL DE BOLÍVAR	421	2012-12-25 14:29:54.386544	2012-12-25 14:29:54.386544	\N	\N	0	0	0	0
3261	080264	TIMBIRÉ	421	2012-12-25 14:29:54.386544	2012-12-25 14:29:54.386544	\N	\N	0	0	0	0
3262	080350	MUISNE	422	2012-12-25 14:29:54.386544	2012-12-25 14:29:54.386544	\N	\N	1	0	0	0
3263	080351	BOLÍVAR	422	2012-12-25 14:29:54.386544	2012-12-25 14:29:54.386544	\N	\N	0	0	0	0
3264	080355	SALIMA	422	2012-12-25 14:29:54.386544	2012-12-25 14:29:54.386544	\N	\N	0	0	0	0
3265	080352	DAULE	422	2012-12-25 14:29:54.386544	2012-12-25 14:29:54.386544	\N	\N	0	0	0	0
3266	080356	SAN FRANCISCO	422	2012-12-25 14:29:54.386544	2012-12-25 14:29:54.386544	\N	\N	0	0	0	0
3267	080353	GALERA	422	2012-12-25 14:29:54.386544	2012-12-25 14:29:54.386544	\N	\N	0	0	0	0
3268	080357	SAN GREGORIO	422	2012-12-25 14:29:54.386544	2012-12-25 14:29:54.386544	\N	\N	0	0	0	0
3269	080354	QUINGUE (OLMEDO PERDOMO FRANCO)	422	2012-12-25 14:29:54.386544	2012-12-25 14:29:54.386544	\N	\N	0	0	0	0
3270	080358	SAN JOSÉ DE CHAMANGA (CAB.EN CHAMANGA)	422	2012-12-25 14:29:54.386544	2012-12-25 14:29:54.386544	\N	\N	0	0	0	0
3271	080450	ROSA ZÁRATE (QUININDÉ)	423	2012-12-25 14:29:54.386544	2012-12-25 14:29:54.386544	\N	\N	1	0	0	0
3272	080451	CUBE	423	2012-12-25 14:29:54.386544	2012-12-25 14:29:54.386544	\N	\N	0	0	0	0
3273	080454	VICHE	423	2012-12-25 14:29:54.386544	2012-12-25 14:29:54.386544	\N	\N	0	0	0	0
3274	080452	CHURA (CHANCAMA) (CAB. EN EL YERBERO)	423	2012-12-25 14:29:54.386544	2012-12-25 14:29:54.386544	\N	\N	0	0	0	0
3275	080455	LA UNIÓN	423	2012-12-25 14:29:54.386544	2012-12-25 14:29:54.386544	\N	\N	0	0	0	0
3276	080453	MALIMPIA	423	2012-12-25 14:29:54.386544	2012-12-25 14:29:54.386544	\N	\N	0	0	0	0
3277	080550	SAN LORENZO	424	2012-12-25 14:29:54.386544	2012-12-25 14:29:54.386544	\N	\N	1	0	0	0
3278	080551	ALTO TAMBO (CAB. EN GUADUAL)	424	2012-12-25 14:29:54.386544	2012-12-25 14:29:54.386544	\N	\N	0	0	0	0
3279	080557	MATAJE (CAB. EN SANTANDER)	424	2012-12-25 14:29:54.386544	2012-12-25 14:29:54.386544	\N	\N	0	0	0	0
3280	080552	ANCÓN (PICHANGAL) (CAB. EN PALMA REAL)	424	2012-12-25 14:29:54.386544	2012-12-25 14:29:54.386544	\N	\N	0	0	0	0
3281	080558	SAN JAVIER DE CACHAVÍ (CAB. EN SAN JAVIER)	424	2012-12-25 14:29:54.386544	2012-12-25 14:29:54.386544	\N	\N	0	0	0	0
3282	080553	CALDERÓN	424	2012-12-25 14:29:54.386544	2012-12-25 14:29:54.386544	\N	\N	0	0	0	0
3283	080559	SANTA RITA	424	2012-12-25 14:29:54.386544	2012-12-25 14:29:54.386544	\N	\N	0	0	0	0
3284	080554	CARONDELET	424	2012-12-25 14:29:54.386544	2012-12-25 14:29:54.386544	\N	\N	0	0	0	0
3285	080560	TAMBILLO	424	2012-12-25 14:29:54.386544	2012-12-25 14:29:54.386544	\N	\N	0	0	0	0
3286	080555	5 DE JUNIO (CAB. EN UIMBI)	424	2012-12-25 14:29:54.386544	2012-12-25 14:29:54.386544	\N	\N	0	0	0	0
3372	091650	SAMBORONDÓN	443	2012-12-25 14:29:54.386544	2012-12-25 14:29:54.386544	\N	\N	1	0	0	0
3287	080561	TULULBÍ (CAB. EN RICAURTE)	424	2012-12-25 14:29:54.386544	2012-12-25 14:29:54.386544	\N	\N	0	0	0	0
3288	080556	CONCEPCIÓN	424	2012-12-25 14:29:54.386544	2012-12-25 14:29:54.386544	\N	\N	0	0	0	0
3289	080562	URBINA	424	2012-12-25 14:29:54.386544	2012-12-25 14:29:54.386544	\N	\N	0	0	0	0
3290	080650	ATACAMES	425	2012-12-25 14:29:54.386544	2012-12-25 14:29:54.386544	\N	\N	1	0	0	0
3291	080651	LA UNIÓN	425	2012-12-25 14:29:54.386544	2012-12-25 14:29:54.386544	\N	\N	0	0	0	0
3292	080653	TONCHIGÜE	425	2012-12-25 14:29:54.386544	2012-12-25 14:29:54.386544	\N	\N	0	0	0	0
3293	080652	SÚA (CAB. EN LA BOCANA)	425	2012-12-25 14:29:54.386544	2012-12-25 14:29:54.386544	\N	\N	0	0	0	0
3294	080654	TONSUPA	425	2012-12-25 14:29:54.386544	2012-12-25 14:29:54.386544	\N	\N	0	0	0	0
3295	080750	RIOVERDE	426	2012-12-25 14:29:54.386544	2012-12-25 14:29:54.386544	\N	\N	1	0	0	0
3296	080751	CHONTADURO	426	2012-12-25 14:29:54.386544	2012-12-25 14:29:54.386544	\N	\N	0	0	0	0
3297	080754	MONTALVO (CAB. EN HORQUETA)	426	2012-12-25 14:29:54.386544	2012-12-25 14:29:54.386544	\N	\N	0	0	0	0
3298	080752	CHUMUNDÉ	426	2012-12-25 14:29:54.386544	2012-12-25 14:29:54.386544	\N	\N	0	0	0	0
3299	080755	ROCAFUERTE	426	2012-12-25 14:29:54.386544	2012-12-25 14:29:54.386544	\N	\N	0	0	0	0
3300	080753	LAGARTO	426	2012-12-25 14:29:54.386544	2012-12-25 14:29:54.386544	\N	\N	0	0	0	0
3301	080850	LA CONCORDIA	427	2012-12-25 14:29:54.386544	2012-12-25 14:29:54.386544	\N	\N	1	0	0	0
3302	080851	MONTERREY	427	2012-12-25 14:29:54.386544	2012-12-25 14:29:54.386544	\N	\N	0	0	0	0
3303	080853	PLAN PILOTO	427	2012-12-25 14:29:54.386544	2012-12-25 14:29:54.386544	\N	\N	0	0	0	0
3304	080852	LA VILLEGAS	427	2012-12-25 14:29:54.386544	2012-12-25 14:29:54.386544	\N	\N	0	0	0	0
3305	090150	GUAYAQUIL	428	2012-12-25 14:29:54.386544	2012-12-25 14:29:54.386544	\N	\N	1	1	0	0
3306	090101	AYACUCHO	428	2012-12-25 14:29:54.386544	2012-12-25 14:29:54.386544	\N	\N	0	0	0	0
3307	090109	ROCA	428	2012-12-25 14:29:54.386544	2012-12-25 14:29:54.386544	\N	\N	0	0	0	0
3308	090102	BOLÍVAR (SAGRARIO)	428	2012-12-25 14:29:54.386544	2012-12-25 14:29:54.386544	\N	\N	0	0	0	0
3309	090110	ROCAFUERTE	428	2012-12-25 14:29:54.386544	2012-12-25 14:29:54.386544	\N	\N	0	0	0	0
3310	090103	CARBO (CONCEPCIÓN)	428	2012-12-25 14:29:54.386544	2012-12-25 14:29:54.386544	\N	\N	0	0	0	0
3311	090111	SUCRE	428	2012-12-25 14:29:54.386544	2012-12-25 14:29:54.386544	\N	\N	0	0	0	0
3312	090104	FEBRES CORDERO	428	2012-12-25 14:29:54.386544	2012-12-25 14:29:54.386544	\N	\N	0	0	0	0
3313	090112	TARQUI	428	2012-12-25 14:29:54.386544	2012-12-25 14:29:54.386544	\N	\N	0	0	0	0
3314	090105	GARCÍA MORENO	428	2012-12-25 14:29:54.386544	2012-12-25 14:29:54.386544	\N	\N	0	0	0	0
3315	090113	URDANETA	428	2012-12-25 14:29:54.386544	2012-12-25 14:29:54.386544	\N	\N	0	0	0	0
3316	090106	LETAMENDI	428	2012-12-25 14:29:54.386544	2012-12-25 14:29:54.386544	\N	\N	0	0	0	0
3317	090114	XIMENA	428	2012-12-25 14:29:54.386544	2012-12-25 14:29:54.386544	\N	\N	0	0	0	0
3318	090107	NUEVE DE OCTUBRE	428	2012-12-25 14:29:54.386544	2012-12-25 14:29:54.386544	\N	\N	0	0	0	0
3319	090115	PASCUALES	428	2012-12-25 14:29:54.386544	2012-12-25 14:29:54.386544	\N	\N	0	0	0	0
3320	090108	OLMEDO (SAN ALEJO)	428	2012-12-25 14:29:54.386544	2012-12-25 14:29:54.386544	\N	\N	0	0	0	0
3321	090151	CHONGÓN	428	2012-12-25 14:29:54.386544	2012-12-25 14:29:54.386544	\N	\N	0	0	1	0
3322	090155	PLAYAS (GRAL. VILLAMIL)	428	2012-12-25 14:29:54.386544	2012-12-25 14:29:54.386544	\N	\N	0	0	1	0
3323	090152	JUAN GÓMEZ RENDÓN (PROGRESO)	428	2012-12-25 14:29:54.386544	2012-12-25 14:29:54.386544	\N	\N	0	0	0	0
3324	090156	POSORJA	428	2012-12-25 14:29:54.386544	2012-12-25 14:29:54.386544	\N	\N	0	0	0	0
3325	090153	MORRO	428	2012-12-25 14:29:54.386544	2012-12-25 14:29:54.386544	\N	\N	0	0	0	0
3326	090157	PUNÁ	428	2012-12-25 14:29:54.386544	2012-12-25 14:29:54.386544	\N	\N	0	0	0	0
3327	090154	PASCUALES	428	2012-12-25 14:29:54.386544	2012-12-25 14:29:54.386544	\N	\N	0	0	1	0
3328	090158	TENGUEL	428	2012-12-25 14:29:54.386544	2012-12-25 14:29:54.386544	\N	\N	0	0	0	0
3329	090250	ALFREDO BAQUERIZO MORENO (JUJÁN)	429	2012-12-25 14:29:54.386544	2012-12-25 14:29:54.386544	\N	\N	1	0	0	0
3330	090350	BALAO	430	2012-12-25 14:29:54.386544	2012-12-25 14:29:54.386544	\N	\N	1	0	0	0
3331	090450	BALZAR	431	2012-12-25 14:29:54.386544	2012-12-25 14:29:54.386544	\N	\N	1	0	0	0
3332	090550	COLIMES	432	2012-12-25 14:29:54.386544	2012-12-25 14:29:54.386544	\N	\N	1	0	0	0
3333	090551	SAN JACINTO	432	2012-12-25 14:29:54.386544	2012-12-25 14:29:54.386544	\N	\N	0	0	0	0
3334	090650	DAULE	433	2012-12-25 14:29:54.386544	2012-12-25 14:29:54.386544	\N	\N	1	0	0	0
3335	090601	DAULE	433	2012-12-25 14:29:54.386544	2012-12-25 14:29:54.386544	\N	\N	0	0	0	0
3336	090605	MAGRO	433	2012-12-25 14:29:54.386544	2012-12-25 14:29:54.386544	\N	\N	0	0	0	0
3337	090602	LA AURORA (SATÉLITE)	433	2012-12-25 14:29:54.386544	2012-12-25 14:29:54.386544	\N	\N	0	0	0	0
3338	090606	PADRE JUAN BAUTISTA AGUIRRE	433	2012-12-25 14:29:54.386544	2012-12-25 14:29:54.386544	\N	\N	0	0	0	0
3339	090603	BANIFE	433	2012-12-25 14:29:54.386544	2012-12-25 14:29:54.386544	\N	\N	0	0	0	0
3340	090607	SANTA CLARA	433	2012-12-25 14:29:54.386544	2012-12-25 14:29:54.386544	\N	\N	0	0	0	0
3341	090604	EMILIANO CAICEDO MARCOS	433	2012-12-25 14:29:54.386544	2012-12-25 14:29:54.386544	\N	\N	0	0	0	0
3342	090608	VICENTE PIEDRAHITA	433	2012-12-25 14:29:54.386544	2012-12-25 14:29:54.386544	\N	\N	0	0	0	0
3343	090651	ISIDRO AYORA (SOLEDAD)	433	2012-12-25 14:29:54.386544	2012-12-25 14:29:54.386544	\N	\N	0	0	1	0
3344	090655	LOMAS DE SARGENTILLO	433	2012-12-25 14:29:54.386544	2012-12-25 14:29:54.386544	\N	\N	0	0	1	0
3345	090652	JUAN BAUTISTA AGUIRRE (LOS TINTOS)	433	2012-12-25 14:29:54.386544	2012-12-25 14:29:54.386544	\N	\N	0	0	0	0
3346	090656	LOS LOJAS (ENRIQUE BAQUERIZO MORENO)	433	2012-12-25 14:29:54.386544	2012-12-25 14:29:54.386544	\N	\N	0	0	0	0
3347	090653	LAUREL	433	2012-12-25 14:29:54.386544	2012-12-25 14:29:54.386544	\N	\N	0	0	0	0
3348	090657	PIEDRAHITA (NOBOL)	433	2012-12-25 14:29:54.386544	2012-12-25 14:29:54.386544	\N	\N	0	0	1	0
3349	090654	LIMONAL	433	2012-12-25 14:29:54.386544	2012-12-25 14:29:54.386544	\N	\N	0	0	0	0
3350	090750	ELOY ALFARO (DURÁN)	434	2012-12-25 14:29:54.386544	2012-12-25 14:29:54.386544	\N	\N	1	0	0	0
3351	090701	ELOY ALFARO (DURÁN)	434	2012-12-25 14:29:54.386544	2012-12-25 14:29:54.386544	\N	\N	0	0	0	0
3352	090702	EL RECREO	434	2012-12-25 14:29:54.386544	2012-12-25 14:29:54.386544	\N	\N	0	0	0	0
3353	090850	VELASCO IBARRA (EL EMPALME)	435	2012-12-25 14:29:54.386544	2012-12-25 14:29:54.386544	\N	\N	1	0	0	0
3354	090851	GUAYAS (PUEBLO NUEVO)	435	2012-12-25 14:29:54.386544	2012-12-25 14:29:54.386544	\N	\N	0	0	0	0
3355	090852	EL ROSARIO	435	2012-12-25 14:29:54.386544	2012-12-25 14:29:54.386544	\N	\N	0	0	0	0
3356	090950	EL TRIUNFO	436	2012-12-25 14:29:54.386544	2012-12-25 14:29:54.386544	\N	\N	1	0	0	0
3357	091050	MILAGRO	437	2012-12-25 14:29:54.386544	2012-12-25 14:29:54.386544	\N	\N	1	0	0	0
3358	091051	CHOBO	437	2012-12-25 14:29:54.386544	2012-12-25 14:29:54.386544	\N	\N	0	0	0	0
3359	091053	MARISCAL SUCRE (HUAQUES)	437	2012-12-25 14:29:54.386544	2012-12-25 14:29:54.386544	\N	\N	0	0	0	0
3360	091052	GENERAL ELIZALDE (BUCAY)	437	2012-12-25 14:29:54.386544	2012-12-25 14:29:54.386544	\N	\N	0	0	1	0
3361	091054	ROBERTO ASTUDILLO (CAB. EN CRUCE DE VENECIA)	437	2012-12-25 14:29:54.386544	2012-12-25 14:29:54.386544	\N	\N	0	0	0	0
3362	091150	NARANJAL	438	2012-12-25 14:29:54.386544	2012-12-25 14:29:54.386544	\N	\N	1	0	0	0
3363	091151	JESÚS MARÍA	438	2012-12-25 14:29:54.386544	2012-12-25 14:29:54.386544	\N	\N	0	0	0	0
3364	091153	SANTA ROSA DE FLANDES	438	2012-12-25 14:29:54.386544	2012-12-25 14:29:54.386544	\N	\N	0	0	0	0
3365	091152	SAN CARLOS	438	2012-12-25 14:29:54.386544	2012-12-25 14:29:54.386544	\N	\N	0	0	0	0
3366	091154	TAURA	438	2012-12-25 14:29:54.386544	2012-12-25 14:29:54.386544	\N	\N	0	0	0	0
3367	091250	NARANJITO	439	2012-12-25 14:29:54.386544	2012-12-25 14:29:54.386544	\N	\N	1	0	0	0
3368	091350	PALESTINA	440	2012-12-25 14:29:54.386544	2012-12-25 14:29:54.386544	\N	\N	1	0	0	0
3369	091450	PEDRO CARBO	441	2012-12-25 14:29:54.386544	2012-12-25 14:29:54.386544	\N	\N	1	0	0	0
3370	091451	VALLE DE LA VIRGEN	441	2012-12-25 14:29:54.386544	2012-12-25 14:29:54.386544	\N	\N	0	0	0	0
3371	091452	SABANILLA	441	2012-12-25 14:29:54.386544	2012-12-25 14:29:54.386544	\N	\N	0	0	0	0
3373	091601	SAMBORONDÓN	443	2012-12-25 14:29:54.386544	2012-12-25 14:29:54.386544	\N	\N	0	0	0	0
3374	091602	LA PUNTILLA (SATÉLITE)	443	2012-12-25 14:29:54.386544	2012-12-25 14:29:54.386544	\N	\N	0	0	0	0
3375	091651	TARIFA	443	2012-12-25 14:29:54.386544	2012-12-25 14:29:54.386544	\N	\N	0	0	0	0
3376	091850	SANTA LUCÍA	445	2012-12-25 14:29:54.386544	2012-12-25 14:29:54.386544	\N	\N	1	0	0	0
3377	091950	EL SALITRE (LAS RAMAS)	446	2012-12-25 14:29:54.386544	2012-12-25 14:29:54.386544	\N	\N	1	0	0	0
3378	091901	BOCANA	446	2012-12-25 14:29:54.386544	2012-12-25 14:29:54.386544	\N	\N	0	0	0	0
3379	091904	PARAÍSO	446	2012-12-25 14:29:54.386544	2012-12-25 14:29:54.386544	\N	\N	0	0	0	0
3380	091902	CANDILEJOS	446	2012-12-25 14:29:54.386544	2012-12-25 14:29:54.386544	\N	\N	0	0	0	0
3381	091905	SAN MATEO	446	2012-12-25 14:29:54.386544	2012-12-25 14:29:54.386544	\N	\N	0	0	0	0
3382	091903	CENTRAL	446	2012-12-25 14:29:54.386544	2012-12-25 14:29:54.386544	\N	\N	0	0	0	0
3383	091951	GRAL. VERNAZA (DOS ESTEROS)	446	2012-12-25 14:29:54.386544	2012-12-25 14:29:54.386544	\N	\N	0	0	0	0
3384	091953	JUNQUILLAL	446	2012-12-25 14:29:54.386544	2012-12-25 14:29:54.386544	\N	\N	0	0	0	0
3385	091952	LA VICTORIA (ÑAUZA)	446	2012-12-25 14:29:54.386544	2012-12-25 14:29:54.386544	\N	\N	0	0	0	0
3386	092050	SAN JACINTO DE YAGUACHI	447	2012-12-25 14:29:54.386544	2012-12-25 14:29:54.386544	\N	\N	1	0	0	0
3387	092051	CRNEL. LORENZO DE GARAICOA (PEDREGAL)	447	2012-12-25 14:29:54.386544	2012-12-25 14:29:54.386544	\N	\N	0	0	1	0
3388	092054	SIMÓN BOLÍVAR	447	2012-12-25 14:29:54.386544	2012-12-25 14:29:54.386544	\N	\N	0	0	1	0
3389	092052	CRNEL. MARCELINO MARIDUEÑA (SAN CARLOS)	447	2012-12-25 14:29:54.386544	2012-12-25 14:29:54.386544	\N	\N	0	0	1	0
3390	092055	YAGUACHI VIEJO (CONE)	447	2012-12-25 14:29:54.386544	2012-12-25 14:29:54.386544	\N	\N	0	0	0	0
3391	092053	GRAL. PEDRO J. MONTERO (BOLICHE)	447	2012-12-25 14:29:54.386544	2012-12-25 14:29:54.386544	\N	\N	0	0	0	0
3392	092056	VIRGEN DE FÁTIMA	447	2012-12-25 14:29:54.386544	2012-12-25 14:29:54.386544	\N	\N	0	0	0	0
3393	092150	GENERAL VILLAMIL (PLAYAS)	448	2012-12-25 14:29:54.386544	2012-12-25 14:29:54.386544	\N	\N	1	0	0	0
3394	092250	SIMÓN BOLÍVAR	449	2012-12-25 14:29:54.386544	2012-12-25 14:29:54.386544	\N	\N	1	0	0	0
3395	092251	CRNEL.LORENZO DE GARAICOA (PEDREGAL)	449	2012-12-25 14:29:54.386544	2012-12-25 14:29:54.386544	\N	\N	0	0	0	0
3396	092350	CORONEL MARCELINO MARIDUEÑA (SAN CARLOS)	450	2012-12-25 14:29:54.386544	2012-12-25 14:29:54.386544	\N	\N	1	0	0	0
3397	092450	LOMAS DE SARGENTILLO	451	2012-12-25 14:29:54.386544	2012-12-25 14:29:54.386544	\N	\N	1	0	0	0
3398	092451	ISIDRO AYORA (SOLEDAD)	451	2012-12-25 14:29:54.386544	2012-12-25 14:29:54.386544	\N	\N	0	0	1	0
3399	092550	NARCISA DE JESÚS	452	2012-12-25 14:29:54.386544	2012-12-25 14:29:54.386544	\N	\N	1	0	0	0
3400	092750	GENERAL ANTONIO ELIZALDE (BUCAY)	454	2012-12-25 14:29:54.386544	2012-12-25 14:29:54.386544	\N	\N	1	0	0	0
3401	092850	ISIDRO AYORA	455	2012-12-25 14:29:54.386544	2012-12-25 14:29:54.386544	\N	\N	1	0	0	0
3402	100150	SAN MIGUEL DE IBARRA	456	2012-12-25 14:29:54.386544	2012-12-25 14:29:54.386544	\N	\N	1	1	0	0
3403	100101	CARANQUI	456	2012-12-25 14:29:54.386544	2012-12-25 14:29:54.386544	\N	\N	0	0	0	0
3404	100104	SAN FRANCISCO	456	2012-12-25 14:29:54.386544	2012-12-25 14:29:54.386544	\N	\N	0	0	0	0
3405	100102	GUAYAQUIL DE ALPACHACA	456	2012-12-25 14:29:54.386544	2012-12-25 14:29:54.386544	\N	\N	0	0	0	0
3406	100105	LA DOLOROSA DEL PRIORATO	456	2012-12-25 14:29:54.386544	2012-12-25 14:29:54.386544	\N	\N	0	0	0	0
3407	100103	SAGRARIO	456	2012-12-25 14:29:54.386544	2012-12-25 14:29:54.386544	\N	\N	0	0	0	0
3408	100151	AMBUQUÍ	456	2012-12-25 14:29:54.386544	2012-12-25 14:29:54.386544	\N	\N	0	0	0	0
3409	100155	LITA	456	2012-12-25 14:29:54.386544	2012-12-25 14:29:54.386544	\N	\N	0	0	0	0
3410	100152	ANGOCHAGUA	456	2012-12-25 14:29:54.386544	2012-12-25 14:29:54.386544	\N	\N	0	0	0	0
3411	100156	SALINAS	456	2012-12-25 14:29:54.386544	2012-12-25 14:29:54.386544	\N	\N	0	0	0	0
3412	100153	CAROLINA	456	2012-12-25 14:29:54.386544	2012-12-25 14:29:54.386544	\N	\N	0	0	0	0
3413	100157	SAN ANTONIO	456	2012-12-25 14:29:54.386544	2012-12-25 14:29:54.386544	\N	\N	0	0	0	0
3414	100154	LA ESPERANZA	456	2012-12-25 14:29:54.386544	2012-12-25 14:29:54.386544	\N	\N	0	0	0	0
3415	100250	ATUNTAQUI	457	2012-12-25 14:29:54.386544	2012-12-25 14:29:54.386544	\N	\N	1	0	0	0
3416	100201	ANDRADE MARÍN (LOURDES)	457	2012-12-25 14:30:10.873629	2012-12-25 14:30:10.873629	\N	\N	0	0	0	0
3417	100202	ATUNTAQUI	457	2012-12-25 14:30:10.873629	2012-12-25 14:30:10.873629	\N	\N	0	0	0	0
3418	100251	IMBAYA (SAN LUIS DE COBUENDO)	457	2012-12-25 14:30:10.873629	2012-12-25 14:30:10.873629	\N	\N	0	0	0	0
3419	100253	SAN JOSÉ DE CHALTURA	457	2012-12-25 14:30:10.873629	2012-12-25 14:30:10.873629	\N	\N	0	0	0	0
3420	100252	SAN FRANCISCO DE NATABUELA	457	2012-12-25 14:30:10.873629	2012-12-25 14:30:10.873629	\N	\N	0	0	0	0
3421	100254	SAN ROQUE	457	2012-12-25 14:30:10.873629	2012-12-25 14:30:10.873629	\N	\N	0	0	0	0
3422	100350	COTACACHI	458	2012-12-25 14:30:10.873629	2012-12-25 14:30:10.873629	\N	\N	1	0	0	0
3423	100301	SAGRARIO	458	2012-12-25 14:30:10.873629	2012-12-25 14:30:10.873629	\N	\N	0	0	0	0
3424	100302	SAN FRANCISCO	458	2012-12-25 14:30:10.873629	2012-12-25 14:30:10.873629	\N	\N	0	0	0	0
3425	100351	APUELA	458	2012-12-25 14:30:10.873629	2012-12-25 14:30:10.873629	\N	\N	0	0	0	0
3426	100356	QUIROGA	458	2012-12-25 14:30:10.873629	2012-12-25 14:30:10.873629	\N	\N	0	0	0	0
3427	100352	GARCÍA MORENO (LLURIMAGUA)	458	2012-12-25 14:30:10.873629	2012-12-25 14:30:10.873629	\N	\N	0	0	0	0
3428	100357	6 DE JULIO DE CUELLAJE (CAB. EN CUELLAJE)	458	2012-12-25 14:30:10.873629	2012-12-25 14:30:10.873629	\N	\N	0	0	0	0
3429	100353	IMANTAG	458	2012-12-25 14:30:10.873629	2012-12-25 14:30:10.873629	\N	\N	0	0	0	0
3430	100358	VACAS GALINDO (EL CHURO) (CAB.EN SAN MIGUEL ALTO	458	2012-12-25 14:30:10.873629	2012-12-25 14:30:10.873629	\N	\N	0	0	0	0
3431	100354	PEÑAHERRERA	458	2012-12-25 14:30:10.873629	2012-12-25 14:30:10.873629	\N	\N	0	0	0	0
3432	100355	PLAZA GUTIÉRREZ (CALVARIO)	458	2012-12-25 14:30:10.873629	2012-12-25 14:30:10.873629	\N	\N	0	0	0	0
3433	100450	OTAVALO	459	2012-12-25 14:30:10.873629	2012-12-25 14:30:10.873629	\N	\N	1	0	0	0
3434	100401	JORDÁN	459	2012-12-25 14:30:10.873629	2012-12-25 14:30:10.873629	\N	\N	0	0	0	0
3435	100402	SAN LUIS	459	2012-12-25 14:30:10.873629	2012-12-25 14:30:10.873629	\N	\N	0	0	0	0
3436	100451	DR. MIGUEL EGAS CABEZAS (PEGUCHE)	459	2012-12-25 14:30:10.873629	2012-12-25 14:30:10.873629	\N	\N	0	0	0	0
3437	100456	SAN JUAN DE ILUMÁN	459	2012-12-25 14:30:10.873629	2012-12-25 14:30:10.873629	\N	\N	0	0	0	0
3438	100452	EUGENIO ESPEJO (CALPAQUÍ)	459	2012-12-25 14:30:10.873629	2012-12-25 14:30:10.873629	\N	\N	0	0	0	0
3439	100457	SAN PABLO	459	2012-12-25 14:30:10.873629	2012-12-25 14:30:10.873629	\N	\N	0	0	0	0
3440	100453	GONZÁLEZ SUÁREZ	459	2012-12-25 14:30:10.873629	2012-12-25 14:30:10.873629	\N	\N	0	0	0	0
3441	100458	SAN RAFAEL	459	2012-12-25 14:30:10.873629	2012-12-25 14:30:10.873629	\N	\N	0	0	0	0
3442	100454	PATAQUÍ	459	2012-12-25 14:30:10.873629	2012-12-25 14:30:10.873629	\N	\N	0	0	0	0
3443	100459	SELVA ALEGRE (CAB.EN SAN MIGUEL DE PAMPLONA)	459	2012-12-25 14:30:10.873629	2012-12-25 14:30:10.873629	\N	\N	0	0	0	0
3444	100455	SAN JOSÉ DE QUICHINCHE	459	2012-12-25 14:30:10.873629	2012-12-25 14:30:10.873629	\N	\N	0	0	0	0
3445	100550	PIMAMPIRO	460	2012-12-25 14:30:10.873629	2012-12-25 14:30:10.873629	\N	\N	1	0	0	0
3446	100551	CHUGÁ	460	2012-12-25 14:30:10.873629	2012-12-25 14:30:10.873629	\N	\N	0	0	0	0
3447	100553	SAN FRANCISCO DE SIGSIPAMBA	460	2012-12-25 14:30:10.873629	2012-12-25 14:30:10.873629	\N	\N	0	0	0	0
3448	100552	MARIANO ACOSTA	460	2012-12-25 14:30:10.873629	2012-12-25 14:30:10.873629	\N	\N	0	0	0	0
3449	100650	URCUQUÍ CABECERA CANTONAL	461	2012-12-25 14:30:10.873629	2012-12-25 14:30:10.873629	\N	\N	1	0	0	0
3450	100651	CAHUASQUÍ	461	2012-12-25 14:30:10.873629	2012-12-25 14:30:10.873629	\N	\N	0	0	0	0
3451	100654	SAN BLAS	461	2012-12-25 14:30:10.873629	2012-12-25 14:30:10.873629	\N	\N	0	0	0	0
3452	100652	LA MERCED DE BUENOS AIRES	461	2012-12-25 14:30:10.873629	2012-12-25 14:30:10.873629	\N	\N	0	0	0	0
3453	100655	TUMBABIRO	461	2012-12-25 14:30:10.873629	2012-12-25 14:30:10.873629	\N	\N	0	0	0	0
3454	100653	PABLO ARENAS	461	2012-12-25 14:30:10.873629	2012-12-25 14:30:10.873629	\N	\N	0	0	0	0
3455	110150	LOJA	462	2012-12-25 14:30:10.873629	2012-12-25 14:30:10.873629	\N	\N	1	1	0	0
3456	110101	EL SAGRARIO	462	2012-12-25 14:30:10.873629	2012-12-25 14:30:10.873629	\N	\N	0	0	0	0
3457	110103	SUCRE	462	2012-12-25 14:30:10.873629	2012-12-25 14:30:10.873629	\N	\N	0	0	0	0
3458	110102	SAN SEBASTIÁN	462	2012-12-25 14:30:10.873629	2012-12-25 14:30:10.873629	\N	\N	0	0	0	0
3459	110104	VALLE	462	2012-12-25 14:30:10.873629	2012-12-25 14:30:10.873629	\N	\N	0	0	0	0
3460	110151	CHANTACO	462	2012-12-25 14:30:10.873629	2012-12-25 14:30:10.873629	\N	\N	0	0	0	0
3461	110158	SAN PEDRO DE VILCABAMBA	462	2012-12-25 14:30:10.873629	2012-12-25 14:30:10.873629	\N	\N	0	0	0	0
3462	110152	CHUQUIRIBAMBA	462	2012-12-25 14:30:10.873629	2012-12-25 14:30:10.873629	\N	\N	0	0	0	0
3463	110159	SANTIAGO	462	2012-12-25 14:30:10.873629	2012-12-25 14:30:10.873629	\N	\N	0	0	0	0
3464	110153	EL CISNE	462	2012-12-25 14:30:10.873629	2012-12-25 14:30:10.873629	\N	\N	0	0	0	0
3465	110160	TAQUIL (MIGUEL RIOFRÍO)	462	2012-12-25 14:30:10.873629	2012-12-25 14:30:10.873629	\N	\N	0	0	0	0
3466	110154	GUALEL	462	2012-12-25 14:30:10.873629	2012-12-25 14:30:10.873629	\N	\N	0	0	0	0
3467	110161	VILCABAMBA (VICTORIA)	462	2012-12-25 14:30:10.873629	2012-12-25 14:30:10.873629	\N	\N	0	0	0	0
3468	110155	JIMBILLA	462	2012-12-25 14:30:10.873629	2012-12-25 14:30:10.873629	\N	\N	0	0	0	0
3469	110162	YANGANA (ARSENIO CASTILLO)	462	2012-12-25 14:30:10.873629	2012-12-25 14:30:10.873629	\N	\N	0	0	0	0
3470	110156	MALACATOS (VALLADOLID)	462	2012-12-25 14:30:10.873629	2012-12-25 14:30:10.873629	\N	\N	0	0	0	0
3471	110163	QUINARA	462	2012-12-25 14:30:10.873629	2012-12-25 14:30:10.873629	\N	\N	0	0	0	0
3472	110157	SAN LUCAS	462	2012-12-25 14:30:10.873629	2012-12-25 14:30:10.873629	\N	\N	0	0	0	0
3473	110250	CARIAMANGA	463	2012-12-25 14:30:10.873629	2012-12-25 14:30:10.873629	\N	\N	1	0	0	0
3474	110201	CARIAMANGA	463	2012-12-25 14:30:10.873629	2012-12-25 14:30:10.873629	\N	\N	0	0	0	0
3475	110203	SAN VICENTE	463	2012-12-25 14:30:10.873629	2012-12-25 14:30:10.873629	\N	\N	0	0	0	0
3476	110202	CHILE	463	2012-12-25 14:30:10.873629	2012-12-25 14:30:10.873629	\N	\N	0	0	0	0
3477	110251	COLAISACA	463	2012-12-25 14:30:10.873629	2012-12-25 14:30:10.873629	\N	\N	0	0	0	0
3478	110253	UTUANA	463	2012-12-25 14:30:10.873629	2012-12-25 14:30:10.873629	\N	\N	0	0	0	0
3479	110252	EL LUCERO	463	2012-12-25 14:30:10.873629	2012-12-25 14:30:10.873629	\N	\N	0	0	0	0
3480	110254	SANGUILLÍN	463	2012-12-25 14:30:10.873629	2012-12-25 14:30:10.873629	\N	\N	0	0	0	0
3481	110350	CATAMAYO (LA TOMA)	464	2012-12-25 14:30:10.873629	2012-12-25 14:30:10.873629	\N	\N	1	0	0	0
3482	110301	CATAMAYO	464	2012-12-25 14:30:10.873629	2012-12-25 14:30:10.873629	\N	\N	0	0	0	0
3483	110302	SAN JOSÉ	464	2012-12-25 14:30:10.873629	2012-12-25 14:30:10.873629	\N	\N	0	0	0	0
3484	110351	EL TAMBO	464	2012-12-25 14:30:10.873629	2012-12-25 14:30:10.873629	\N	\N	0	0	0	0
3485	110353	SAN PEDRO DE LA BENDITA	464	2012-12-25 14:30:10.873629	2012-12-25 14:30:10.873629	\N	\N	0	0	0	0
3486	110352	GUAYQUICHUMA	464	2012-12-25 14:30:10.873629	2012-12-25 14:30:10.873629	\N	\N	0	0	0	0
3487	110354	ZAMBI	464	2012-12-25 14:30:10.873629	2012-12-25 14:30:10.873629	\N	\N	0	0	0	0
3488	110450	CELICA	465	2012-12-25 14:30:10.873629	2012-12-25 14:30:10.873629	\N	\N	1	0	0	0
3489	110451	CRUZPAMBA (CAB. EN CARLOS BUSTAMANTE)	465	2012-12-25 14:30:10.873629	2012-12-25 14:30:10.873629	\N	\N	0	0	0	0
3490	110455	POZUL (SAN JUAN DE POZUL)	465	2012-12-25 14:30:10.873629	2012-12-25 14:30:10.873629	\N	\N	0	0	0	0
3491	110452	CHAQUINAL	465	2012-12-25 14:30:10.873629	2012-12-25 14:30:10.873629	\N	\N	0	0	1	0
3492	110456	SABANILLA	465	2012-12-25 14:30:10.873629	2012-12-25 14:30:10.873629	\N	\N	0	0	0	0
3493	110453	12 DE DICIEMBRE (CAB. EN ACHIOTES)	465	2012-12-25 14:30:10.873629	2012-12-25 14:30:10.873629	\N	\N	0	0	1	0
3494	110457	TNTE. MAXIMILIANO RODRÍGUEZ LOAIZA	465	2012-12-25 14:30:10.873629	2012-12-25 14:30:10.873629	\N	\N	0	0	0	0
3495	110454	PINDAL (FEDERICO PÁEZ)	465	2012-12-25 14:30:10.873629	2012-12-25 14:30:10.873629	\N	\N	0	0	1	0
3496	110550	CHAGUARPAMBA	466	2012-12-25 14:30:10.873629	2012-12-25 14:30:10.873629	\N	\N	1	0	0	0
3497	110551	BUENAVISTA	466	2012-12-25 14:30:10.873629	2012-12-25 14:30:10.873629	\N	\N	0	0	0	0
3498	110553	SANTA RUFINA	466	2012-12-25 14:30:10.873629	2012-12-25 14:30:10.873629	\N	\N	0	0	0	0
3499	110552	EL ROSARIO	466	2012-12-25 14:30:10.873629	2012-12-25 14:30:10.873629	\N	\N	0	0	0	0
3500	110554	AMARILLOS	466	2012-12-25 14:30:10.873629	2012-12-25 14:30:10.873629	\N	\N	0	0	0	0
3501	110650	AMALUZA	467	2012-12-25 14:30:10.873629	2012-12-25 14:30:10.873629	\N	\N	1	0	0	0
3502	110651	BELLAVISTA	467	2012-12-25 14:30:10.873629	2012-12-25 14:30:10.873629	\N	\N	0	0	0	0
3503	110654	27 DE ABRIL (CAB. EN LA NARANJA)	467	2012-12-25 14:30:10.873629	2012-12-25 14:30:10.873629	\N	\N	0	0	0	0
3504	110652	JIMBURA	467	2012-12-25 14:30:10.873629	2012-12-25 14:30:10.873629	\N	\N	0	0	0	0
3505	110655	EL INGENIO	467	2012-12-25 14:30:10.873629	2012-12-25 14:30:10.873629	\N	\N	0	0	0	0
3506	110653	SANTA TERESITA	467	2012-12-25 14:30:10.873629	2012-12-25 14:30:10.873629	\N	\N	0	0	0	0
3507	110656	EL AIRO	467	2012-12-25 14:30:10.873629	2012-12-25 14:30:10.873629	\N	\N	0	0	0	0
3508	110750	GONZANAMÁ	468	2012-12-25 14:30:10.873629	2012-12-25 14:30:10.873629	\N	\N	1	0	0	0
3509	110751	CHANGAIMINA (LA LIBERTAD)	468	2012-12-25 14:30:10.873629	2012-12-25 14:30:10.873629	\N	\N	0	0	0	0
3510	110755	QUILANGA (LA PAZ)	468	2012-12-25 14:30:10.873629	2012-12-25 14:30:10.873629	\N	\N	0	0	1	0
3511	110752	FUNDOCHAMBA	468	2012-12-25 14:30:10.873629	2012-12-25 14:30:10.873629	\N	\N	0	0	1	0
3512	110756	SACAPALCA	468	2012-12-25 14:30:10.873629	2012-12-25 14:30:10.873629	\N	\N	0	0	0	0
3513	110753	NAMBACOLA	468	2012-12-25 14:30:10.873629	2012-12-25 14:30:10.873629	\N	\N	0	0	0	0
3514	110757	SAN ANTONIO DE LAS ARADAS (CAB. EN LAS ARADAS)	468	2012-12-25 14:30:10.873629	2012-12-25 14:30:10.873629	\N	\N	0	0	1	0
3515	110754	PURUNUMA (EGUIGUREN)	468	2012-12-25 14:30:10.873629	2012-12-25 14:30:10.873629	\N	\N	0	0	0	0
3516	110850	MACARÁ	469	2012-12-25 14:30:10.873629	2012-12-25 14:30:10.873629	\N	\N	1	0	0	0
3517	110801	GENERAL ELOY ALFARO (SAN SEBASTIÁN)	469	2012-12-25 14:30:10.873629	2012-12-25 14:30:10.873629	\N	\N	0	0	0	0
3518	110802	MACARÁ (MANUEL ENRIQUE RENGEL SUQUILANDA)	469	2012-12-25 14:30:10.873629	2012-12-25 14:30:10.873629	\N	\N	0	0	0	0
3519	110851	LARAMA	469	2012-12-25 14:30:10.873629	2012-12-25 14:30:10.873629	\N	\N	0	0	0	0
3520	110853	SABIANGO (LA CAPILLA)	469	2012-12-25 14:30:10.873629	2012-12-25 14:30:10.873629	\N	\N	0	0	0	0
3521	110852	LA VICTORIA	469	2012-12-25 14:30:10.873629	2012-12-25 14:30:10.873629	\N	\N	0	0	0	0
3522	110950	CATACOCHA	470	2012-12-25 14:30:10.873629	2012-12-25 14:30:10.873629	\N	\N	1	0	0	0
3523	110901	CATACOCHA	470	2012-12-25 14:30:10.873629	2012-12-25 14:30:10.873629	\N	\N	0	0	0	0
3524	110902	LOURDES	470	2012-12-25 14:30:10.873629	2012-12-25 14:30:10.873629	\N	\N	0	0	0	0
3525	110951	CANGONAMÁ	470	2012-12-25 14:30:10.873629	2012-12-25 14:30:10.873629	\N	\N	0	0	0	0
3526	110956	ORIANGA	470	2012-12-25 14:30:10.873629	2012-12-25 14:30:10.873629	\N	\N	0	0	0	0
3527	110952	GUACHANAMÁ	470	2012-12-25 14:30:10.873629	2012-12-25 14:30:10.873629	\N	\N	0	0	0	0
3528	110957	SAN ANTONIO	470	2012-12-25 14:30:10.873629	2012-12-25 14:30:10.873629	\N	\N	0	0	0	0
3529	110953	LA TINGUE	470	2012-12-25 14:30:10.873629	2012-12-25 14:30:10.873629	\N	\N	0	0	1	0
3530	110958	CASANGA	470	2012-12-25 14:30:10.873629	2012-12-25 14:30:10.873629	\N	\N	0	0	0	0
3531	110954	LAURO GUERRERO	470	2012-12-25 14:30:10.873629	2012-12-25 14:30:10.873629	\N	\N	0	0	0	0
3532	110959	YAMANA	470	2012-12-25 14:30:10.873629	2012-12-25 14:30:10.873629	\N	\N	0	0	0	0
3533	110955	OLMEDO (SANTA BÁRBARA)	470	2012-12-25 14:30:10.873629	2012-12-25 14:30:10.873629	\N	\N	0	0	1	0
3534	111050	ALAMOR	471	2012-12-25 14:30:10.873629	2012-12-25 14:30:10.873629	\N	\N	1	0	0	0
3535	111051	CIANO	471	2012-12-25 14:30:10.873629	2012-12-25 14:30:10.873629	\N	\N	0	0	0	0
3536	111054	MERCADILLO	471	2012-12-25 14:30:10.873629	2012-12-25 14:30:10.873629	\N	\N	0	0	0	0
3537	111052	EL ARENAL	471	2012-12-25 14:30:10.873629	2012-12-25 14:30:10.873629	\N	\N	0	0	0	0
3538	111055	VICENTINO	471	2012-12-25 14:30:10.873629	2012-12-25 14:30:10.873629	\N	\N	0	0	0	0
3539	111053	EL LIMO (MARIANA DE JESÚS)	471	2012-12-25 14:30:10.873629	2012-12-25 14:30:10.873629	\N	\N	0	0	0	0
3540	111150	SARAGURO	472	2012-12-25 14:30:10.873629	2012-12-25 14:30:10.873629	\N	\N	1	0	0	0
3541	111151	EL PARAÍSO DE CELÉN	472	2012-12-25 14:30:10.873629	2012-12-25 14:30:10.873629	\N	\N	0	0	0	0
3542	111156	SAN PABLO DE TENTA	472	2012-12-25 14:30:10.873629	2012-12-25 14:30:10.873629	\N	\N	0	0	0	0
3543	111152	EL TABLÓN	472	2012-12-25 14:30:10.873629	2012-12-25 14:30:10.873629	\N	\N	0	0	0	0
3544	111157	SAN SEBASTIÁN DE YÚLUC	472	2012-12-25 14:30:10.873629	2012-12-25 14:30:10.873629	\N	\N	0	0	0	0
3545	111153	LLUZHAPA	472	2012-12-25 14:30:10.873629	2012-12-25 14:30:10.873629	\N	\N	0	0	0	0
3546	111158	SELVA ALEGRE	472	2012-12-25 14:30:10.873629	2012-12-25 14:30:10.873629	\N	\N	0	0	0	0
3547	111154	MANÚ	472	2012-12-25 14:30:10.873629	2012-12-25 14:30:10.873629	\N	\N	0	0	0	0
3548	111159	URDANETA (PAQUISHAPA)	472	2012-12-25 14:30:10.873629	2012-12-25 14:30:10.873629	\N	\N	0	0	0	0
3549	111155	SAN ANTONIO DE QUMBE (CUMBE)	472	2012-12-25 14:30:10.873629	2012-12-25 14:30:10.873629	\N	\N	0	0	0	0
3550	111160	SUMAYPAMBA	472	2012-12-25 14:30:10.873629	2012-12-25 14:30:10.873629	\N	\N	0	0	0	0
3551	111250	SOZORANGA	473	2012-12-25 14:30:10.873629	2012-12-25 14:30:10.873629	\N	\N	1	0	0	0
3552	111251	NUEVA FÁTIMA	473	2012-12-25 14:30:10.873629	2012-12-25 14:30:10.873629	\N	\N	0	0	0	0
3553	111252	TACAMOROS	473	2012-12-25 14:30:10.873629	2012-12-25 14:30:10.873629	\N	\N	0	0	0	0
3554	111350	ZAPOTILLO	474	2012-12-25 14:30:10.873629	2012-12-25 14:30:10.873629	\N	\N	1	0	0	0
3555	111351	MANGAHURCO (CAZADEROS)	474	2012-12-25 14:30:10.873629	2012-12-25 14:30:10.873629	\N	\N	0	0	0	0
3556	111354	PALETILLAS	474	2012-12-25 14:30:10.873629	2012-12-25 14:30:10.873629	\N	\N	0	0	0	0
3557	111352	GARZAREAL	474	2012-12-25 14:30:10.873629	2012-12-25 14:30:10.873629	\N	\N	0	0	0	0
3558	111355	BOLASPAMBA	474	2012-12-25 14:30:10.873629	2012-12-25 14:30:10.873629	\N	\N	0	0	0	0
3559	111353	LIMONES	474	2012-12-25 14:30:10.873629	2012-12-25 14:30:10.873629	\N	\N	0	0	0	0
3560	111450	PINDAL	475	2012-12-25 14:30:10.873629	2012-12-25 14:30:10.873629	\N	\N	1	0	0	0
3561	111451	CHAQUINAL	475	2012-12-25 14:30:10.873629	2012-12-25 14:30:10.873629	\N	\N	0	0	0	0
3562	111453	MILAGROS	475	2012-12-25 14:30:10.873629	2012-12-25 14:30:10.873629	\N	\N	0	0	0	0
3563	111452	12 DE DICIEMBRE (CAB.EN ACHIOTES)	475	2012-12-25 14:30:10.873629	2012-12-25 14:30:10.873629	\N	\N	0	0	0	0
3564	111550	QUILANGA	476	2012-12-25 14:30:10.873629	2012-12-25 14:30:10.873629	\N	\N	1	0	0	0
3565	111551	FUNDOCHAMBA	476	2012-12-25 14:30:10.873629	2012-12-25 14:30:10.873629	\N	\N	0	0	0	0
3566	111552	SAN ANTONIO DE LAS ARADAS (CAB. EN LAS ARADAS)	476	2012-12-25 14:30:10.873629	2012-12-25 14:30:10.873629	\N	\N	0	0	0	0
3567	111650	OLMEDO	477	2012-12-25 14:30:10.873629	2012-12-25 14:30:10.873629	\N	\N	1	0	0	0
3568	111651	LA TINGUE	477	2012-12-25 14:30:10.873629	2012-12-25 14:30:10.873629	\N	\N	0	0	0	0
3569	120150	BABAHOYO	478	2012-12-25 14:30:10.873629	2012-12-25 14:30:10.873629	\N	\N	1	1	0	0
3570	120101	CLEMENTE BAQUERIZO	478	2012-12-25 14:30:10.873629	2012-12-25 14:30:10.873629	\N	\N	0	0	0	0
3571	120103	BARREIRO	478	2012-12-25 14:30:10.873629	2012-12-25 14:30:10.873629	\N	\N	0	0	0	0
3572	120102	DR. CAMILO PONCE	478	2012-12-25 14:30:10.873629	2012-12-25 14:30:10.873629	\N	\N	0	0	0	0
3573	120104	EL SALTO	478	2012-12-25 14:30:10.873629	2012-12-25 14:30:10.873629	\N	\N	0	0	0	0
3574	120151	BARREIRO (SANTA RITA)	478	2012-12-25 14:30:10.873629	2012-12-25 14:30:10.873629	\N	\N	0	0	1	0
3575	120154	PIMOCHA	478	2012-12-25 14:30:10.873629	2012-12-25 14:30:10.873629	\N	\N	0	0	0	0
3576	120152	CARACOL	478	2012-12-25 14:30:10.873629	2012-12-25 14:30:10.873629	\N	\N	0	0	0	0
3577	120155	LA UNIÓN	478	2012-12-25 14:30:10.873629	2012-12-25 14:30:10.873629	\N	\N	0	0	0	0
3578	120153	FEBRES CORDERO (LAS JUNTAS)	478	2012-12-25 14:30:10.873629	2012-12-25 14:30:10.873629	\N	\N	0	0	0	0
3579	120250	BABA	479	2012-12-25 14:30:10.873629	2012-12-25 14:30:10.873629	\N	\N	1	0	0	0
3580	120251	GUARE	479	2012-12-25 14:30:10.873629	2012-12-25 14:30:10.873629	\N	\N	0	0	0	0
3581	120252	ISLA DE BEJUCAL	479	2012-12-25 14:30:10.873629	2012-12-25 14:30:10.873629	\N	\N	0	0	0	0
3582	120350	MONTALVO	480	2012-12-25 14:30:10.873629	2012-12-25 14:30:10.873629	\N	\N	1	0	0	0
3583	120450	PUEBLOVIEJO	481	2012-12-25 14:30:10.873629	2012-12-25 14:30:10.873629	\N	\N	1	0	0	0
3584	120451	PUERTO PECHICHE	481	2012-12-25 14:30:10.873629	2012-12-25 14:30:10.873629	\N	\N	0	0	0	0
3585	120452	SAN JUAN	481	2012-12-25 14:30:10.873629	2012-12-25 14:30:10.873629	\N	\N	0	0	0	0
3586	120550	QUEVEDO	482	2012-12-25 14:30:10.873629	2012-12-25 14:30:10.873629	\N	\N	1	0	0	0
3587	120501	QUEVEDO	482	2012-12-25 14:30:10.873629	2012-12-25 14:30:10.873629	\N	\N	0	0	0	0
3588	120506	SAN CRISTÓBAL	482	2012-12-25 14:30:10.873629	2012-12-25 14:30:10.873629	\N	\N	0	0	0	0
3589	120502	SAN CAMILO	482	2012-12-25 14:30:10.873629	2012-12-25 14:30:10.873629	\N	\N	0	0	0	0
3590	120507	SIETE DE OCTUBRE	482	2012-12-25 14:30:10.873629	2012-12-25 14:30:10.873629	\N	\N	0	0	0	0
3591	120503	SAN JOSÉ	482	2012-12-25 14:30:10.873629	2012-12-25 14:30:10.873629	\N	\N	0	0	1	0
3592	120508	24 DE MAYO	482	2012-12-25 14:30:10.873629	2012-12-25 14:30:10.873629	\N	\N	0	0	0	0
3593	120504	GUAYACÁN	482	2012-12-25 14:30:10.873629	2012-12-25 14:30:10.873629	\N	\N	0	0	0	0
3594	120509	VENUS DEL RÍO QUEVEDO	482	2012-12-25 14:30:10.873629	2012-12-25 14:30:10.873629	\N	\N	0	0	0	0
3595	120505	NICOLÁS INFANTE DÍAZ	482	2012-12-25 14:30:10.873629	2012-12-25 14:30:10.873629	\N	\N	0	0	0	0
3596	120510	VIVA ALFARO	482	2012-12-25 14:30:10.873629	2012-12-25 14:30:10.873629	\N	\N	0	0	0	0
3597	120551	BUENA FÉ	482	2012-12-25 14:30:10.873629	2012-12-25 14:30:10.873629	\N	\N	0	0	1	0
3598	120554	VALENCIA	482	2012-12-25 14:30:10.873629	2012-12-25 14:30:10.873629	\N	\N	0	0	1	0
3599	120552	MOCACHE	482	2012-12-25 14:30:10.873629	2012-12-25 14:30:10.873629	\N	\N	0	0	1	0
3600	120555	LA ESPERANZA	482	2012-12-25 14:30:10.873629	2012-12-25 14:30:10.873629	\N	\N	0	0	0	0
3601	120553	SAN CARLOS	482	2012-12-25 14:30:10.873629	2012-12-25 14:30:10.873629	\N	\N	0	0	0	0
3602	120650	CATARAMA	483	2012-12-25 14:30:10.873629	2012-12-25 14:30:10.873629	\N	\N	1	0	0	0
3603	120651	RICAURTE	483	2012-12-25 14:30:10.873629	2012-12-25 14:30:10.873629	\N	\N	0	0	0	0
3604	120750	VENTANAS	484	2012-12-25 14:30:10.873629	2012-12-25 14:30:10.873629	\N	\N	1	0	0	0
3605	120701	10 DE NOVIEMBRE	484	2012-12-25 14:30:10.873629	2012-12-25 14:30:10.873629	\N	\N	0	0	0	0
3606	120751	QUINSALOMA	484	2012-12-25 14:30:10.873629	2012-12-25 14:30:10.873629	\N	\N	0	0	1	0
3607	120753	CHACARITA	484	2012-12-25 14:30:10.873629	2012-12-25 14:30:10.873629	\N	\N	0	0	0	0
3608	120752	ZAPOTAL	484	2012-12-25 14:30:10.873629	2012-12-25 14:30:10.873629	\N	\N	0	0	0	0
3609	120754	LOS ÁNGELES	484	2012-12-25 14:30:10.873629	2012-12-25 14:30:10.873629	\N	\N	0	0	0	0
3610	120850	VINCES	485	2012-12-25 14:30:10.873629	2012-12-25 14:30:10.873629	\N	\N	1	0	0	0
3611	120851	ANTONIO SOTOMAYOR (CAB. EN PLAYAS DE VINCES)	485	2012-12-25 14:30:10.873629	2012-12-25 14:30:10.873629	\N	\N	0	0	0	0
3612	120852	PALENQUE	485	2012-12-25 14:30:10.873629	2012-12-25 14:30:10.873629	\N	\N	0	0	1	0
3613	120950	PALENQUE	486	2012-12-25 14:30:10.873629	2012-12-25 14:30:10.873629	\N	\N	1	0	0	0
3614	121050	SAN JACINTO DE BUENA FÉ	487	2012-12-25 14:30:10.873629	2012-12-25 14:30:10.873629	\N	\N	1	0	0	0
3615	121001	SAN JACINTO DE BUENA FÉ	487	2012-12-25 14:30:10.873629	2012-12-25 14:30:10.873629	\N	\N	0	0	0	0
3616	121003	11 DE OCTUBRE	487	2012-12-25 14:30:10.873629	2012-12-25 14:30:10.873629	\N	\N	0	0	0	0
3617	121002	7 DE AGOSTO	487	2012-12-25 14:30:10.873629	2012-12-25 14:30:10.873629	\N	\N	0	0	0	0
3618	121051	PATRICIA PILAR	487	2012-12-25 14:30:10.873629	2012-12-25 14:30:10.873629	\N	\N	0	0	0	0
3619	121150	VALENCIA	488	2012-12-25 14:30:10.873629	2012-12-25 14:30:10.873629	\N	\N	1	0	0	0
3620	121250	MOCACHE	489	2012-12-25 14:30:10.873629	2012-12-25 14:30:10.873629	\N	\N	1	0	0	0
3621	121350	QUINSALOMA	490	2012-12-25 14:30:10.873629	2012-12-25 14:30:10.873629	\N	\N	1	0	0	0
3622	130150	PORTOVIEJO	491	2012-12-25 14:30:10.873629	2012-12-25 14:30:10.873629	\N	\N	1	1	0	0
3623	130101	PORTOVIEJO	491	2012-12-25 14:30:10.873629	2012-12-25 14:30:10.873629	\N	\N	0	0	0	0
3624	130106	ANDRÉS DE VERA	491	2012-12-25 14:30:10.873629	2012-12-25 14:30:10.873629	\N	\N	0	0	0	0
3625	130102	12 DE MARZO	491	2012-12-25 14:30:10.873629	2012-12-25 14:30:10.873629	\N	\N	0	0	0	0
3626	130107	FRANCISCO PACHECO	491	2012-12-25 14:30:10.873629	2012-12-25 14:30:10.873629	\N	\N	0	0	0	0
3627	130103	COLÓN	491	2012-12-25 14:30:10.873629	2012-12-25 14:30:10.873629	\N	\N	0	0	0	0
3628	130108	18 DE OCTUBRE	491	2012-12-25 14:30:10.873629	2012-12-25 14:30:10.873629	\N	\N	0	0	0	0
3629	130104	PICOAZÁ	491	2012-12-25 14:30:10.873629	2012-12-25 14:30:10.873629	\N	\N	0	0	0	0
3630	130109	SIMÓN BOLÍVAR	491	2012-12-25 14:30:10.873629	2012-12-25 14:30:10.873629	\N	\N	0	0	0	0
3631	130105	SAN PABLO	491	2012-12-25 14:30:10.873629	2012-12-25 14:30:10.873629	\N	\N	0	0	0	0
3632	130151	ABDÓN CALDERÓN (SAN FRANCISCO)	491	2012-12-25 14:30:10.873629	2012-12-25 14:30:10.873629	\N	\N	0	0	0	0
3633	130155	RIOCHICO (RÍO CHICO)	491	2012-12-25 14:30:10.873629	2012-12-25 14:30:10.873629	\N	\N	0	0	0	0
3634	130152	ALHAJUELA (BAJO GRANDE)	491	2012-12-25 14:30:10.873629	2012-12-25 14:30:10.873629	\N	\N	0	0	0	0
3635	130156	SAN PLÁCIDO	491	2012-12-25 14:30:10.873629	2012-12-25 14:30:10.873629	\N	\N	0	0	0	0
3636	130153	CRUCITA	491	2012-12-25 14:30:10.873629	2012-12-25 14:30:10.873629	\N	\N	0	0	0	0
3637	130157	CHIRIJOS	491	2012-12-25 14:30:10.873629	2012-12-25 14:30:10.873629	\N	\N	0	0	0	0
3638	130154	PUEBLO NUEVO	491	2012-12-25 14:30:10.873629	2012-12-25 14:30:10.873629	\N	\N	0	0	0	0
3639	130250	CALCETA	492	2012-12-25 14:30:10.873629	2012-12-25 14:30:10.873629	\N	\N	1	0	0	0
3640	130251	MEMBRILLO	492	2012-12-25 14:30:10.873629	2012-12-25 14:30:10.873629	\N	\N	0	0	0	0
3641	130252	QUIROGA	492	2012-12-25 14:30:10.873629	2012-12-25 14:30:10.873629	\N	\N	0	0	0	0
3642	130350	CHONE	493	2012-12-25 14:30:10.873629	2012-12-25 14:30:10.873629	\N	\N	1	0	0	0
3643	130301	CHONE	493	2012-12-25 14:30:10.873629	2012-12-25 14:30:10.873629	\N	\N	0	0	0	0
3644	130302	SANTA RITA	493	2012-12-25 14:30:10.873629	2012-12-25 14:30:10.873629	\N	\N	0	0	0	0
3645	130351	BOYACÁ	493	2012-12-25 14:30:10.873629	2012-12-25 14:30:10.873629	\N	\N	0	0	0	0
3646	130355	ELOY ALFARO	493	2012-12-25 14:30:10.873629	2012-12-25 14:30:10.873629	\N	\N	0	0	0	0
3647	130352	CANUTO	493	2012-12-25 14:30:10.873629	2012-12-25 14:30:10.873629	\N	\N	0	0	0	0
3648	130356	RICAURTE	493	2012-12-25 14:30:10.873629	2012-12-25 14:30:10.873629	\N	\N	0	0	0	0
3649	130353	CONVENTO	493	2012-12-25 14:30:10.873629	2012-12-25 14:30:10.873629	\N	\N	0	0	0	0
3650	130357	SAN ANTONIO	493	2012-12-25 14:30:10.873629	2012-12-25 14:30:10.873629	\N	\N	0	0	0	0
3651	130354	CHIBUNGA	493	2012-12-25 14:30:10.873629	2012-12-25 14:30:10.873629	\N	\N	0	0	0	0
3652	130450	EL CARMEN	494	2012-12-25 14:30:10.873629	2012-12-25 14:30:10.873629	\N	\N	1	0	0	0
3653	130401	EL CARMEN	494	2012-12-25 14:30:10.873629	2012-12-25 14:30:10.873629	\N	\N	0	0	0	0
3654	130402	4 DE DICIEMBRE	494	2012-12-25 14:30:10.873629	2012-12-25 14:30:10.873629	\N	\N	0	0	0	0
3655	130451	WILFRIDO LOOR MOREIRA (MAICITO)	494	2012-12-25 14:30:10.873629	2012-12-25 14:30:10.873629	\N	\N	0	0	0	0
3656	130452	SAN PEDRO DE SUMA	494	2012-12-25 14:30:10.873629	2012-12-25 14:30:10.873629	\N	\N	0	0	0	0
3657	130550	FLAVIO ALFARO	495	2012-12-25 14:30:10.873629	2012-12-25 14:30:10.873629	\N	\N	1	0	0	0
3658	130551	SAN FRANCISCO DE NOVILLO (CAB. EN	495	2012-12-25 14:30:10.873629	2012-12-25 14:30:10.873629	\N	\N	0	0	0	0
3659	130552	ZAPALLO	495	2012-12-25 14:30:10.873629	2012-12-25 14:30:10.873629	\N	\N	0	0	0	0
3660	130650	JIPIJAPA	496	2012-12-25 14:30:10.873629	2012-12-25 14:30:10.873629	\N	\N	1	0	0	0
3661	130601	DR. MIGUEL MORÁN LUCIO	496	2012-12-25 14:30:10.873629	2012-12-25 14:30:10.873629	\N	\N	0	0	0	0
3662	130603	SAN LORENZO DE JIPIJAPA	496	2012-12-25 14:30:10.873629	2012-12-25 14:30:10.873629	\N	\N	0	0	0	0
3663	130602	MANUEL INOCENCIO PARRALES Y GUALE	496	2012-12-25 14:30:10.873629	2012-12-25 14:30:10.873629	\N	\N	0	0	0	0
3664	130651	AMÉRICA	496	2012-12-25 14:30:10.873629	2012-12-25 14:30:10.873629	\N	\N	0	0	0	0
3665	130656	MEMBRILLAL	496	2012-12-25 14:30:10.873629	2012-12-25 14:30:10.873629	\N	\N	0	0	0	0
3666	130652	EL ANEGADO (CAB. EN ELOY ALFARO)	496	2012-12-25 14:30:10.873629	2012-12-25 14:30:10.873629	\N	\N	0	0	0	0
3667	130657	PEDRO PABLO GÓMEZ	496	2012-12-25 14:30:10.873629	2012-12-25 14:30:10.873629	\N	\N	0	0	0	0
3668	130653	JULCUY	496	2012-12-25 14:30:10.873629	2012-12-25 14:30:10.873629	\N	\N	0	0	0	0
3669	130658	PUERTO DE CAYO	496	2012-12-25 14:30:10.873629	2012-12-25 14:30:10.873629	\N	\N	0	0	0	0
3670	130654	LA UNIÓN	496	2012-12-25 14:30:10.873629	2012-12-25 14:30:10.873629	\N	\N	0	0	0	0
3671	130659	PUERTO LÓPEZ	496	2012-12-25 14:30:10.873629	2012-12-25 14:30:10.873629	\N	\N	0	0	1	0
3672	130655	MACHALILLA	496	2012-12-25 14:30:10.873629	2012-12-25 14:30:10.873629	\N	\N	0	0	1	0
3673	130750	JUNÍN	497	2012-12-25 14:30:10.873629	2012-12-25 14:30:10.873629	\N	\N	1	0	0	0
3674	130850	MANTA	498	2012-12-25 14:30:10.873629	2012-12-25 14:30:10.873629	\N	\N	1	0	0	0
3675	130801	LOS ESTEROS	498	2012-12-25 14:30:10.873629	2012-12-25 14:30:10.873629	\N	\N	0	0	0	0
3676	130804	TARQUI	498	2012-12-25 14:30:10.873629	2012-12-25 14:30:10.873629	\N	\N	0	0	0	0
3677	130802	MANTA	498	2012-12-25 14:30:10.873629	2012-12-25 14:30:10.873629	\N	\N	0	0	0	0
3678	130805	ELOY ALFARO	498	2012-12-25 14:30:10.873629	2012-12-25 14:30:10.873629	\N	\N	0	0	0	0
3679	130803	SAN MATEO	498	2012-12-25 14:30:10.873629	2012-12-25 14:30:10.873629	\N	\N	0	0	0	0
3680	130851	SAN LORENZO	498	2012-12-25 14:30:10.873629	2012-12-25 14:30:10.873629	\N	\N	0	0	0	0
3681	130852	SANTA MARIANITA (BOCA DE PACOCHE)	498	2012-12-25 14:30:10.873629	2012-12-25 14:30:10.873629	\N	\N	0	0	0	0
3682	130950	MONTECRISTI	499	2012-12-25 14:30:10.873629	2012-12-25 14:30:10.873629	\N	\N	1	0	0	0
3683	130901	ANIBAL SAN ANDRÉS	499	2012-12-25 14:30:10.873629	2012-12-25 14:30:10.873629	\N	\N	0	0	0	0
3684	130904	GENERAL ELOY ALFARO	499	2012-12-25 14:30:10.873629	2012-12-25 14:30:10.873629	\N	\N	0	0	0	0
3685	130902	MONTECRISTI	499	2012-12-25 14:30:10.873629	2012-12-25 14:30:10.873629	\N	\N	0	0	0	0
3686	130905	LEONIDAS PROAÑO	499	2012-12-25 14:30:10.873629	2012-12-25 14:30:10.873629	\N	\N	0	0	0	0
3687	130903	EL COLORADO	499	2012-12-25 14:30:10.873629	2012-12-25 14:30:10.873629	\N	\N	0	0	0	0
3688	130951	JARAMIJÓ	499	2012-12-25 14:30:10.873629	2012-12-25 14:30:10.873629	\N	\N	0	0	1	0
3689	130952	LA PILA	499	2012-12-25 14:30:10.873629	2012-12-25 14:30:10.873629	\N	\N	0	0	0	0
3690	131050	PAJÁN	500	2012-12-25 14:30:10.873629	2012-12-25 14:30:10.873629	\N	\N	1	0	0	0
3691	131051	CAMPOZANO (LA PALMA DE PAJÁN)	500	2012-12-25 14:30:10.873629	2012-12-25 14:30:10.873629	\N	\N	0	0	0	0
3692	131053	GUALE	500	2012-12-25 14:30:10.873629	2012-12-25 14:30:10.873629	\N	\N	0	0	0	0
3693	131052	CASCOL	500	2012-12-25 14:30:10.873629	2012-12-25 14:30:10.873629	\N	\N	0	0	0	0
3694	131054	LASCANO	500	2012-12-25 14:30:10.873629	2012-12-25 14:30:10.873629	\N	\N	0	0	0	0
3695	131150	PICHINCHA	501	2012-12-25 14:30:10.873629	2012-12-25 14:30:10.873629	\N	\N	1	0	0	0
3696	131151	BARRAGANETE	501	2012-12-25 14:30:10.873629	2012-12-25 14:30:10.873629	\N	\N	0	0	0	0
3697	131152	SAN SEBASTIÁN	501	2012-12-25 14:30:10.873629	2012-12-25 14:30:10.873629	\N	\N	0	0	0	0
3698	131250	ROCAFUERTE	502	2012-12-25 14:30:10.873629	2012-12-25 14:30:10.873629	\N	\N	1	0	0	0
3699	131350	SANTA ANA DE VUELTA LARGA	503	2012-12-25 14:30:10.873629	2012-12-25 14:30:10.873629	\N	\N	1	0	0	0
3700	131301	SANTA ANA	503	2012-12-25 14:30:10.873629	2012-12-25 14:30:10.873629	\N	\N	0	0	0	0
3701	131302	LODANA	503	2012-12-25 14:30:10.873629	2012-12-25 14:30:10.873629	\N	\N	0	0	0	0
3702	131351	AYACUCHO	503	2012-12-25 14:30:10.873629	2012-12-25 14:30:10.873629	\N	\N	0	0	0	0
3703	131354	OLMEDO	503	2012-12-25 14:30:10.873629	2012-12-25 14:30:10.873629	\N	\N	0	0	1	0
3704	131352	HONORATO VÁSQUEZ (CAB. EN VÁSQUEZ)	503	2012-12-25 14:30:10.873629	2012-12-25 14:30:10.873629	\N	\N	0	0	0	0
3705	131355	SAN PABLO (CAB. EN PUEBLO NUEVO)	503	2012-12-25 14:30:10.873629	2012-12-25 14:30:10.873629	\N	\N	0	0	0	0
3706	131353	LA UNIÓN	503	2012-12-25 14:30:10.873629	2012-12-25 14:30:10.873629	\N	\N	0	0	0	0
3707	131450	BAHÍA DE CARÁQUEZ	504	2012-12-25 14:30:10.873629	2012-12-25 14:30:10.873629	\N	\N	1	0	0	0
3708	131401	BAHÍA DE CARÁQUEZ	504	2012-12-25 14:30:10.873629	2012-12-25 14:30:10.873629	\N	\N	0	0	0	0
3709	131402	LEONIDAS PLAZA GUTIÉRREZ	504	2012-12-25 14:30:10.873629	2012-12-25 14:30:10.873629	\N	\N	0	0	0	0
3710	131451	 CANOA	504	2012-12-25 14:30:10.873629	2012-12-25 14:30:10.873629	\N	\N	0	0	1	0
3711	131455	JAMA	504	2012-12-25 14:30:10.873629	2012-12-25 14:30:10.873629	\N	\N	0	0	1	0
3712	131452	COJIMÍES	504	2012-12-25 14:30:10.873629	2012-12-25 14:30:10.873629	\N	\N	0	0	1	0
3713	131456	PEDERNALES	504	2012-12-25 14:30:10.873629	2012-12-25 14:30:10.873629	\N	\N	0	0	1	0
3714	131453	CHARAPOTÓ	504	2012-12-25 14:30:10.873629	2012-12-25 14:30:10.873629	\N	\N	0	0	0	0
3715	131457	SAN ISIDRO	504	2012-12-25 14:30:10.873629	2012-12-25 14:30:10.873629	\N	\N	0	0	0	0
3716	131454	10 DE AGOSTO	504	2012-12-25 14:30:10.873629	2012-12-25 14:30:10.873629	\N	\N	0	0	1	0
3717	131458	SAN VICENTE	504	2012-12-25 14:30:10.873629	2012-12-25 14:30:10.873629	\N	\N	0	0	1	0
3718	131550	TOSAGUA	505	2012-12-25 14:30:10.873629	2012-12-25 14:30:10.873629	\N	\N	1	0	0	0
3719	131551	BACHILLERO	505	2012-12-25 14:30:10.873629	2012-12-25 14:30:10.873629	\N	\N	0	0	0	0
3720	131552	ANGEL PEDRO GILER (LA ESTANCILLA)	505	2012-12-25 14:30:10.873629	2012-12-25 14:30:10.873629	\N	\N	0	0	0	0
3721	131650	SUCRE	506	2012-12-25 14:30:10.873629	2012-12-25 14:30:10.873629	\N	\N	1	0	0	0
3722	131651	BELLAVISTA	506	2012-12-25 14:30:10.873629	2012-12-25 14:30:10.873629	\N	\N	0	0	0	0
3723	131653	ARQ. SIXTO DURÁN BALLÉN	506	2012-12-25 14:30:10.873629	2012-12-25 14:30:10.873629	\N	\N	0	0	0	0
3724	131652	NOBOA	506	2012-12-25 14:30:10.873629	2012-12-25 14:30:10.873629	\N	\N	0	0	0	0
3725	131750	PEDERNALES	507	2012-12-25 14:30:10.873629	2012-12-25 14:30:10.873629	\N	\N	1	0	0	0
3726	131751	COJIMÍES	507	2012-12-25 14:30:10.873629	2012-12-25 14:30:10.873629	\N	\N	0	0	0	0
3727	131753	ATAHUALPA	507	2012-12-25 14:30:10.873629	2012-12-25 14:30:10.873629	\N	\N	0	0	0	0
3728	131752	10 DE AGOSTO	507	2012-12-25 14:30:10.873629	2012-12-25 14:30:10.873629	\N	\N	0	0	0	0
3729	131850	OLMEDO	508	2012-12-25 14:30:10.873629	2012-12-25 14:30:10.873629	\N	\N	1	0	0	0
3730	131950	PUERTO LÓPEZ	509	2012-12-25 14:30:10.873629	2012-12-25 14:30:10.873629	\N	\N	1	0	0	0
3731	131951	MACHALILLA	509	2012-12-25 14:30:10.873629	2012-12-25 14:30:10.873629	\N	\N	0	0	0	0
3732	131952	SALANGO	509	2012-12-25 14:30:10.873629	2012-12-25 14:30:10.873629	\N	\N	0	0	0	0
3733	132050	JAMA	510	2012-12-25 14:30:10.873629	2012-12-25 14:30:10.873629	\N	\N	1	0	0	0
3734	132150	JARAMIJÓ	511	2012-12-25 14:30:10.873629	2012-12-25 14:30:10.873629	\N	\N	1	0	0	0
3735	132250	SAN VICENTE	512	2012-12-25 14:30:10.873629	2012-12-25 14:30:10.873629	\N	\N	1	0	0	0
3736	132251	CANOA	512	2012-12-25 14:30:10.873629	2012-12-25 14:30:10.873629	\N	\N	0	0	0	0
3737	140150	MACAS	513	2012-12-25 14:30:10.873629	2012-12-25 14:30:10.873629	\N	\N	1	1	0	0
3738	140151	ALSHI (CAB. EN 9 DE OCTUBRE)	513	2012-12-25 14:30:10.873629	2012-12-25 14:30:10.873629	\N	\N	0	0	0	0
3739	140158	SINAÍ	513	2012-12-25 14:30:16.77418	2012-12-25 14:30:16.77418	\N	\N	0	0	0	0
3740	140152	CHIGUAZA	513	2012-12-25 14:30:16.77418	2012-12-25 14:30:16.77418	\N	\N	0	0	1	0
3741	140159	TAISHA	513	2012-12-25 14:30:16.77418	2012-12-25 14:30:16.77418	\N	\N	0	0	1	0
3742	140153	GENERAL PROAÑO	513	2012-12-25 14:30:16.77418	2012-12-25 14:30:16.77418	\N	\N	0	0	0	0
3743	140160	ZUÑA (ZÚÑAC)	513	2012-12-25 14:30:16.77418	2012-12-25 14:30:16.77418	\N	\N	0	0	0	0
3744	140154	HUASAGA (CAB.EN WAMPUIK)	513	2012-12-25 14:30:16.77418	2012-12-25 14:30:16.77418	\N	\N	0	0	1	0
3745	140161	TUUTINENTZA	513	2012-12-25 14:30:16.77418	2012-12-25 14:30:16.77418	\N	\N	0	0	1	0
3746	140155	MACUMA	513	2012-12-25 14:30:16.77418	2012-12-25 14:30:16.77418	\N	\N	0	0	1	0
3747	140162	CUCHAENTZA	513	2012-12-25 14:30:16.77418	2012-12-25 14:30:16.77418	\N	\N	0	0	0	0
3748	140156	SAN ISIDRO	513	2012-12-25 14:30:16.77418	2012-12-25 14:30:16.77418	\N	\N	0	0	0	0
3749	140163	SAN JOSÉ DE MORONA	513	2012-12-25 14:30:16.77418	2012-12-25 14:30:16.77418	\N	\N	0	0	1	0
3750	140157	SEVILLA DON BOSCO	513	2012-12-25 14:30:16.77418	2012-12-25 14:30:16.77418	\N	\N	0	0	0	0
3751	140164	RÍO BLANCO	513	2012-12-25 14:30:16.77418	2012-12-25 14:30:16.77418	\N	\N	0	0	0	0
3752	140250	GUALAQUIZA	514	2012-12-25 14:30:16.77418	2012-12-25 14:30:16.77418	\N	\N	1	0	0	0
3753	140201	GUALAQUIZA	514	2012-12-25 14:30:16.77418	2012-12-25 14:30:16.77418	\N	\N	0	0	0	0
3754	140202	MERCEDES MOLINA	514	2012-12-25 14:30:16.77418	2012-12-25 14:30:16.77418	\N	\N	0	0	0	0
3755	140251	AMAZONAS (ROSARIO DE CUYES)	514	2012-12-25 14:30:16.77418	2012-12-25 14:30:16.77418	\N	\N	0	0	0	0
3756	140255	EL ROSARIO	514	2012-12-25 14:30:16.77418	2012-12-25 14:30:16.77418	\N	\N	0	0	0	0
3757	140252	BERMEJOS	514	2012-12-25 14:30:16.77418	2012-12-25 14:30:16.77418	\N	\N	0	0	0	0
3758	140256	NUEVA TARQUI	514	2012-12-25 14:30:16.77418	2012-12-25 14:30:16.77418	\N	\N	0	0	0	0
3759	140253	BOMBOIZA	514	2012-12-25 14:30:16.77418	2012-12-25 14:30:16.77418	\N	\N	0	0	0	0
3760	140257	SAN MIGUEL DE CUYES	514	2012-12-25 14:30:16.77418	2012-12-25 14:30:16.77418	\N	\N	0	0	0	0
3761	140254	CHIGÜINDA	514	2012-12-25 14:30:16.77418	2012-12-25 14:30:16.77418	\N	\N	0	0	0	0
3762	140258	EL IDEAL	514	2012-12-25 14:30:16.77418	2012-12-25 14:30:16.77418	\N	\N	0	0	0	0
3763	140350	GENERAL LEONIDAS PLAZA GUTIÉRREZ (LIMÓN)	515	2012-12-25 14:30:16.77418	2012-12-25 14:30:16.77418	\N	\N	1	0	0	0
3764	140351	INDANZA	515	2012-12-25 14:30:16.77418	2012-12-25 14:30:16.77418	\N	\N	0	0	0	0
3765	140355	SAN JUAN BOSCO	515	2012-12-25 14:30:16.77418	2012-12-25 14:30:16.77418	\N	\N	0	0	1	0
3766	140352	PAN DE AZÚCAR	515	2012-12-25 14:30:16.77418	2012-12-25 14:30:16.77418	\N	\N	0	0	1	0
3767	140356	SAN MIGUEL DE CONCHAY	515	2012-12-25 14:30:16.77418	2012-12-25 14:30:16.77418	\N	\N	0	0	0	0
3768	140353	SAN ANTONIO (CAB. EN SAN ANTONIO CENTRO	515	2012-12-25 14:30:16.77418	2012-12-25 14:30:16.77418	\N	\N	0	0	0	0
3769	140357	SANTA SUSANA DE CHIVIAZA (CAB. EN CHIVIAZA)	515	2012-12-25 14:30:16.77418	2012-12-25 14:30:16.77418	\N	\N	0	0	0	0
3770	140354	SAN CARLOS DE LIMÓN (SAN CARLOS DEL	515	2012-12-25 14:30:16.77418	2012-12-25 14:30:16.77418	\N	\N	0	0	1	0
3771	140358	YUNGANZA (CAB. EN EL ROSARIO)	515	2012-12-25 14:30:16.77418	2012-12-25 14:30:16.77418	\N	\N	0	0	0	0
3772	140450	PALORA (METZERA)	516	2012-12-25 14:30:16.77418	2012-12-25 14:30:16.77418	\N	\N	1	0	0	0
3773	140451	ARAPICOS	516	2012-12-25 14:30:16.77418	2012-12-25 14:30:16.77418	\N	\N	0	0	0	0
3774	140453	HUAMBOYA	516	2012-12-25 14:30:16.77418	2012-12-25 14:30:16.77418	\N	\N	0	0	1	0
3775	140452	CUMANDÁ (CAB. EN COLONIA AGRÍCOLA SEVILLA DEL ORO)	516	2012-12-25 14:30:16.77418	2012-12-25 14:30:16.77418	\N	\N	0	0	0	0
3776	140454	SANGAY (CAB. EN NAYAMANACA)	516	2012-12-25 14:30:16.77418	2012-12-25 14:30:16.77418	\N	\N	0	0	0	0
3777	140550	SANTIAGO DE MÉNDEZ	517	2012-12-25 14:30:16.77418	2012-12-25 14:30:16.77418	\N	\N	1	0	0	0
3778	140551	COPAL	517	2012-12-25 14:30:16.77418	2012-12-25 14:30:16.77418	\N	\N	0	0	0	0
3779	140555	SANTIAGO	517	2012-12-25 14:30:16.77418	2012-12-25 14:30:16.77418	\N	\N	0	0	1	0
3780	140552	CHUPIANZA	517	2012-12-25 14:30:16.77418	2012-12-25 14:30:16.77418	\N	\N	0	0	0	0
3781	140556	TAYUZA	517	2012-12-25 14:30:16.77418	2012-12-25 14:30:16.77418	\N	\N	0	0	0	0
3782	140553	PATUCA	517	2012-12-25 14:30:16.77418	2012-12-25 14:30:16.77418	\N	\N	0	0	0	0
3783	140557	SAN FRANCISCO DE CHINIMBIMI	517	2012-12-25 14:30:16.77418	2012-12-25 14:30:16.77418	\N	\N	0	0	0	0
3784	140554	SAN LUIS DE EL ACHO (CAB. EN EL ACHO)	517	2012-12-25 14:30:16.77418	2012-12-25 14:30:16.77418	\N	\N	0	0	0	0
3785	140650	SUCÚA	518	2012-12-25 14:30:16.77418	2012-12-25 14:30:16.77418	\N	\N	1	0	0	0
3786	140651	ASUNCIÓN	518	2012-12-25 14:30:16.77418	2012-12-25 14:30:16.77418	\N	\N	0	0	0	0
3787	140654	YAUPI	518	2012-12-25 14:30:16.77418	2012-12-25 14:30:16.77418	\N	\N	0	0	1	0
3788	140652	HUAMBI	518	2012-12-25 14:30:16.77418	2012-12-25 14:30:16.77418	\N	\N	0	0	0	0
3789	140655	SANTA MARIANITA DE JESÚS	518	2012-12-25 14:30:16.77418	2012-12-25 14:30:16.77418	\N	\N	0	0	0	0
3790	140653	LOGROÑO	518	2012-12-25 14:30:16.77418	2012-12-25 14:30:16.77418	\N	\N	0	0	1	0
3791	140750	HUAMBOYA	519	2012-12-25 14:30:16.77418	2012-12-25 14:30:16.77418	\N	\N	1	0	0	0
3792	140751	CHIGUAZA	519	2012-12-25 14:30:16.77418	2012-12-25 14:30:16.77418	\N	\N	0	0	0	0
3793	140752	PABLO SEXTO	519	2012-12-25 14:30:16.77418	2012-12-25 14:30:16.77418	\N	\N	0	0	1	0
3794	140850	SAN JUAN BOSCO	520	2012-12-25 14:30:16.77418	2012-12-25 14:30:16.77418	\N	\N	1	0	0	0
3795	140851	PAN DE AZÚCAR	520	2012-12-25 14:30:16.77418	2012-12-25 14:30:16.77418	\N	\N	0	0	0	0
3796	140853	SAN JACINTO DE WAKAMBEIS	520	2012-12-25 14:30:16.77418	2012-12-25 14:30:16.77418	\N	\N	0	0	0	0
3797	140852	SAN CARLOS DE LIMÓN	520	2012-12-25 14:30:16.77418	2012-12-25 14:30:16.77418	\N	\N	0	0	0	0
3798	140854	SANTIAGO DE PANANZA	520	2012-12-25 14:30:16.77418	2012-12-25 14:30:16.77418	\N	\N	0	0	0	0
3799	140950	TAISHA	521	2012-12-25 14:30:16.77418	2012-12-25 14:30:16.77418	\N	\N	1	0	0	0
3800	140951	HUASAGA (CAB. EN WAMPUIK)	521	2012-12-25 14:30:16.77418	2012-12-25 14:30:16.77418	\N	\N	0	0	0	0
3801	140953	TUUTINENTZA	521	2012-12-25 14:30:16.77418	2012-12-25 14:30:16.77418	\N	\N	0	0	0	0
3802	140952	MACUMA	521	2012-12-25 14:30:16.77418	2012-12-25 14:30:16.77418	\N	\N	0	0	0	0
3803	140954	PUMPUENTSA	521	2012-12-25 14:30:16.77418	2012-12-25 14:30:16.77418	\N	\N	0	0	0	0
3804	141050	LOGROÑO	522	2012-12-25 14:30:16.77418	2012-12-25 14:30:16.77418	\N	\N	1	0	0	0
3805	141051	YAUPI	522	2012-12-25 14:30:16.77418	2012-12-25 14:30:16.77418	\N	\N	0	0	0	0
3806	141052	SHIMPIS	522	2012-12-25 14:30:16.77418	2012-12-25 14:30:16.77418	\N	\N	0	0	0	0
3807	141150	PABLO SEXTO	523	2012-12-25 14:30:16.77418	2012-12-25 14:30:16.77418	\N	\N	1	0	0	0
3808	141250	SANTIAGO	524	2012-12-25 14:30:16.77418	2012-12-25 14:30:16.77418	\N	\N	1	0	0	0
3809	141251	SAN JOSÉ DE MORONA	524	2012-12-25 14:30:16.77418	2012-12-25 14:30:16.77418	\N	\N	0	0	0	0
3810	150150	TENA	525	2012-12-25 14:30:16.77418	2012-12-25 14:30:16.77418	\N	\N	1	1	0	0
3811	150151	AHUANO	525	2012-12-25 14:30:16.77418	2012-12-25 14:30:16.77418	\N	\N	0	0	0	0
3812	150155	PUERTO MISAHUALLI	525	2012-12-25 14:30:16.77418	2012-12-25 14:30:16.77418	\N	\N	0	0	0	0
3813	150152	CARLOS JULIO AROSEMENA TOLA (ZATZA-YACU)	525	2012-12-25 14:30:16.77418	2012-12-25 14:30:16.77418	\N	\N	0	0	1	0
3814	150156	PUERTO NAPO	525	2012-12-25 14:30:16.77418	2012-12-25 14:30:16.77418	\N	\N	0	0	0	0
3815	150153	CHONTAPUNTA	525	2012-12-25 14:30:16.77418	2012-12-25 14:30:16.77418	\N	\N	0	0	0	0
3816	150157	TÁLAG	525	2012-12-25 14:30:16.77418	2012-12-25 14:30:16.77418	\N	\N	0	0	0	0
3817	150154	PANO	525	2012-12-25 14:30:16.77418	2012-12-25 14:30:16.77418	\N	\N	0	0	0	0
3818	150158	SAN JUAN DE MUYUNA	525	2012-12-25 14:30:16.77418	2012-12-25 14:30:16.77418	\N	\N	0	0	0	0
3819	150350	ARCHIDONA	527	2012-12-25 14:30:16.77418	2012-12-25 14:30:16.77418	\N	\N	1	0	0	0
3820	150351	AVILA	527	2012-12-25 14:30:16.77418	2012-12-25 14:30:16.77418	\N	\N	0	0	1	0
3821	150354	SAN PABLO DE USHPAYACU	527	2012-12-25 14:30:16.77418	2012-12-25 14:30:16.77418	\N	\N	0	0	0	0
3822	150352	COTUNDO	527	2012-12-25 14:30:16.77418	2012-12-25 14:30:16.77418	\N	\N	0	0	0	0
3823	150355	PUERTO MURIALDO	527	2012-12-25 14:30:16.77418	2012-12-25 14:30:16.77418	\N	\N	0	0	1	0
3824	150353	LORETO	527	2012-12-25 14:30:16.77418	2012-12-25 14:30:16.77418	\N	\N	0	0	1	0
3825	150450	EL CHACO	528	2012-12-25 14:30:16.77418	2012-12-25 14:30:16.77418	\N	\N	1	0	0	0
3826	150451	GONZALO DíAZ DE PINEDA (EL BOMBÓN)	528	2012-12-25 14:30:16.77418	2012-12-25 14:30:16.77418	\N	\N	0	0	0	0
3827	150454	SANTA ROSA	528	2012-12-25 14:30:16.77418	2012-12-25 14:30:16.77418	\N	\N	0	0	0	0
3828	150452	LINARES	528	2012-12-25 14:30:16.77418	2012-12-25 14:30:16.77418	\N	\N	0	0	0	0
3829	150455	SARDINAS	528	2012-12-25 14:30:16.77418	2012-12-25 14:30:16.77418	\N	\N	0	0	0	0
3830	150453	OYACACHI	528	2012-12-25 14:30:16.77418	2012-12-25 14:30:16.77418	\N	\N	0	0	0	0
3831	150750	BAEZA	531	2012-12-25 14:30:16.77418	2012-12-25 14:30:16.77418	\N	\N	1	0	0	0
3832	150751	COSANGA	531	2012-12-25 14:30:16.77418	2012-12-25 14:30:16.77418	\N	\N	0	0	0	0
3833	150754	SAN FRANCISCO DE BORJA (VIRGILIO DÁVILA)	531	2012-12-25 14:30:16.77418	2012-12-25 14:30:16.77418	\N	\N	0	0	0	0
3834	150752	CUYUJA	531	2012-12-25 14:30:16.77418	2012-12-25 14:30:16.77418	\N	\N	0	0	0	0
3835	150755	SAN JOSÉ DEL PAYAMINO	531	2012-12-25 14:30:16.77418	2012-12-25 14:30:16.77418	\N	\N	0	0	1	0
3836	150753	PAPALLACTA	531	2012-12-25 14:30:16.77418	2012-12-25 14:30:16.77418	\N	\N	0	0	0	0
3837	150756	SUMACO	531	2012-12-25 14:30:16.77418	2012-12-25 14:30:16.77418	\N	\N	0	0	0	0
3838	150950	CARLOS JULIO AROSEMENA TOLA	533	2012-12-25 14:30:16.77418	2012-12-25 14:30:16.77418	\N	\N	1	0	0	0
3839	160150	PUYO	534	2012-12-25 14:30:16.77418	2012-12-25 14:30:16.77418	\N	\N	1	1	0	0
3840	160151	ARAJUNO	534	2012-12-25 14:30:16.77418	2012-12-25 14:30:16.77418	\N	\N	0	0	1	0
3841	160159	RÍO TIGRE	534	2012-12-25 14:30:16.77418	2012-12-25 14:30:16.77418	\N	\N	0	0	0	0
3842	160152	CANELOS	534	2012-12-25 14:30:16.77418	2012-12-25 14:30:16.77418	\N	\N	0	0	0	0
3843	160160	SANTA CLARA	534	2012-12-25 14:30:16.77418	2012-12-25 14:30:16.77418	\N	\N	0	0	1	0
3844	160153	CURARAY	534	2012-12-25 14:30:16.77418	2012-12-25 14:30:16.77418	\N	\N	0	0	1	0
3845	160161	SARAYACU	534	2012-12-25 14:30:16.77418	2012-12-25 14:30:16.77418	\N	\N	0	0	0	0
3846	160154	DIEZ DE AGOSTO	534	2012-12-25 14:30:16.77418	2012-12-25 14:30:16.77418	\N	\N	0	0	0	0
3847	160162	SIMÓN BOLÍVAR (CAB. EN MUSHULLACTA)	534	2012-12-25 14:30:16.77418	2012-12-25 14:30:16.77418	\N	\N	0	0	0	0
3848	160155	FÁTIMA	534	2012-12-25 14:30:16.77418	2012-12-25 14:30:16.77418	\N	\N	0	0	0	0
3849	160163	TARQUI	534	2012-12-25 14:30:16.77418	2012-12-25 14:30:16.77418	\N	\N	0	0	0	0
3850	160156	MONTALVO (ANDOAS)	534	2012-12-25 14:30:16.77418	2012-12-25 14:30:16.77418	\N	\N	0	0	0	0
3851	160164	TENIENTE HUGO ORTIZ	534	2012-12-25 14:30:16.77418	2012-12-25 14:30:16.77418	\N	\N	0	0	0	0
3852	160157	POMONA	534	2012-12-25 14:30:16.77418	2012-12-25 14:30:16.77418	\N	\N	0	0	0	0
3853	160165	VERACRUZ (INDILLAMA) (CAB. EN INDILLAMA)	534	2012-12-25 14:30:16.77418	2012-12-25 14:30:16.77418	\N	\N	0	0	0	0
3854	160158	RÍO CORRIENTES	534	2012-12-25 14:30:16.77418	2012-12-25 14:30:16.77418	\N	\N	0	0	0	0
3855	160166	EL TRIUNFO	534	2012-12-25 14:30:16.77418	2012-12-25 14:30:16.77418	\N	\N	0	0	0	0
3856	160250	MERA	535	2012-12-25 14:30:16.77418	2012-12-25 14:30:16.77418	\N	\N	1	0	0	0
3857	160251	MADRE TIERRA	535	2012-12-25 14:30:16.77418	2012-12-25 14:30:16.77418	\N	\N	0	0	0	0
3858	160252	SHELL	535	2012-12-25 14:30:16.77418	2012-12-25 14:30:16.77418	\N	\N	0	0	0	0
3859	160350	SANTA CLARA	536	2012-12-25 14:30:16.77418	2012-12-25 14:30:16.77418	\N	\N	1	0	0	0
3860	160351	SAN JOSÉ	536	2012-12-25 14:30:16.77418	2012-12-25 14:30:16.77418	\N	\N	0	0	0	0
3861	160450	ARAJUNO	537	2012-12-25 14:30:16.77418	2012-12-25 14:30:16.77418	\N	\N	1	0	0	0
3862	160451	CURARAY	537	2012-12-25 14:30:16.77418	2012-12-25 14:30:16.77418	\N	\N	0	0	0	0
3863	170150	QUITO DISTRITO METROPOLITANO	538	2012-12-25 14:30:16.77418	2012-12-25 14:30:16.77418	\N	\N	1	1	0	0
3864	170101	BELISARIO QUEVEDO	538	2012-12-25 14:30:16.77418	2012-12-25 14:30:16.77418	\N	\N	0	0	0	0
3865	170117	LA CONCEPCIÓN	538	2012-12-25 14:30:16.77418	2012-12-25 14:30:16.77418	\N	\N	0	0	0	0
3866	170102	CARCELÉN	538	2012-12-25 14:30:16.77418	2012-12-25 14:30:16.77418	\N	\N	0	0	0	0
3867	170118	LA ECUATORIANA	538	2012-12-25 14:30:16.77418	2012-12-25 14:30:16.77418	\N	\N	0	0	0	0
3868	170103	CENTRO HISTÓRICO	538	2012-12-25 14:30:16.77418	2012-12-25 14:30:16.77418	\N	\N	0	0	0	0
3869	170119	LA FERROVIARIA	538	2012-12-25 14:30:16.77418	2012-12-25 14:30:16.77418	\N	\N	0	0	0	0
3870	170104	COCHAPAMBA	538	2012-12-25 14:30:16.77418	2012-12-25 14:30:16.77418	\N	\N	0	0	0	0
3871	170120	LA LIBERTAD	538	2012-12-25 14:30:16.77418	2012-12-25 14:30:16.77418	\N	\N	0	0	0	0
3872	170105	COMITÉ DEL PUEBLO	538	2012-12-25 14:30:16.77418	2012-12-25 14:30:16.77418	\N	\N	0	0	0	0
3873	170121	LA MAGDALENA	538	2012-12-25 14:30:16.77418	2012-12-25 14:30:16.77418	\N	\N	0	0	0	0
3874	170106	COTOCOLLAO	538	2012-12-25 14:30:16.77418	2012-12-25 14:30:16.77418	\N	\N	0	0	0	0
3875	170122	LA MENA	538	2012-12-25 14:30:16.77418	2012-12-25 14:30:16.77418	\N	\N	0	0	0	0
3876	170107	CHILIBULO	538	2012-12-25 14:30:16.77418	2012-12-25 14:30:16.77418	\N	\N	0	0	0	0
3877	170123	MARISCAL SUCRE	538	2012-12-25 14:30:16.77418	2012-12-25 14:30:16.77418	\N	\N	0	0	0	0
3878	170108	CHILLOGALLO	538	2012-12-25 14:30:16.77418	2012-12-25 14:30:16.77418	\N	\N	0	0	0	0
3879	170124	PONCEANO	538	2012-12-25 14:30:16.77418	2012-12-25 14:30:16.77418	\N	\N	0	0	0	0
3880	170109	CHIMBACALLE	538	2012-12-25 14:30:16.77418	2012-12-25 14:30:16.77418	\N	\N	0	0	0	0
3881	170125	PUENGASÍ	538	2012-12-25 14:30:16.77418	2012-12-25 14:30:16.77418	\N	\N	0	0	0	0
3882	170110	EL CONDADO	538	2012-12-25 14:30:16.77418	2012-12-25 14:30:16.77418	\N	\N	0	0	0	0
3883	170126	QUITUMBE	538	2012-12-25 14:30:16.77418	2012-12-25 14:30:16.77418	\N	\N	0	0	0	0
3884	170111	GUAMANÍ	538	2012-12-25 14:30:16.77418	2012-12-25 14:30:16.77418	\N	\N	0	0	0	0
3885	170127	RUMIPAMBA	538	2012-12-25 14:30:16.77418	2012-12-25 14:30:16.77418	\N	\N	0	0	0	0
3886	170112	IÑAQUITO	538	2012-12-25 14:30:16.77418	2012-12-25 14:30:16.77418	\N	\N	0	0	0	0
3887	170128	SAN BARTOLO	538	2012-12-25 14:30:16.77418	2012-12-25 14:30:16.77418	\N	\N	0	0	0	0
3888	170113	ITCHIMBÍA	538	2012-12-25 14:30:16.77418	2012-12-25 14:30:16.77418	\N	\N	0	0	0	0
3889	170129	SAN ISIDRO DEL INCA	538	2012-12-25 14:30:16.77418	2012-12-25 14:30:16.77418	\N	\N	0	0	0	0
3890	170114	JIPIJAPA	538	2012-12-25 14:30:16.77418	2012-12-25 14:30:16.77418	\N	\N	0	0	0	0
3891	170130	SAN JUAN	538	2012-12-25 14:30:16.77418	2012-12-25 14:30:16.77418	\N	\N	0	0	0	0
3892	170115	KENNEDY	538	2012-12-25 14:30:16.77418	2012-12-25 14:30:16.77418	\N	\N	0	0	0	0
3893	170131	SOLANDA	538	2012-12-25 14:30:16.77418	2012-12-25 14:30:16.77418	\N	\N	0	0	0	0
3894	170116	LA ARGELIA	538	2012-12-25 14:30:16.77418	2012-12-25 14:30:16.77418	\N	\N	0	0	0	0
3895	170132	TURUBAMBA	538	2012-12-25 14:30:16.77418	2012-12-25 14:30:16.77418	\N	\N	0	0	0	0
3896	170151	ALANGASÍ	538	2012-12-25 14:30:16.77418	2012-12-25 14:30:16.77418	\N	\N	0	0	0	0
3897	170170	NAYÓN	538	2012-12-25 14:30:16.77418	2012-12-25 14:30:16.77418	\N	\N	0	0	0	0
3898	170152	AMAGUAÑA	538	2012-12-25 14:30:16.77418	2012-12-25 14:30:16.77418	\N	\N	0	0	0	0
3899	170171	NONO	538	2012-12-25 14:30:16.77418	2012-12-25 14:30:16.77418	\N	\N	0	0	0	0
3900	170153	ATAHUALPA	538	2012-12-25 14:30:16.77418	2012-12-25 14:30:16.77418	\N	\N	0	0	0	0
3901	170172	PACTO	538	2012-12-25 14:30:16.77418	2012-12-25 14:30:16.77418	\N	\N	0	0	0	0
3902	170154	CALACALÍ	538	2012-12-25 14:30:16.77418	2012-12-25 14:30:16.77418	\N	\N	0	0	0	0
3903	170173	PEDRO VICENTE MALDONADO	538	2012-12-25 14:30:16.77418	2012-12-25 14:30:16.77418	\N	\N	0	0	1	0
3904	170155	CALDERÓN	538	2012-12-25 14:30:16.77418	2012-12-25 14:30:16.77418	\N	\N	0	0	0	0
3905	170174	PERUCHO	538	2012-12-25 14:30:16.77418	2012-12-25 14:30:16.77418	\N	\N	0	0	0	0
3906	170156	CONOCOTO	538	2012-12-25 14:30:16.77418	2012-12-25 14:30:16.77418	\N	\N	0	0	0	0
3907	170175	PIFO	538	2012-12-25 14:30:16.77418	2012-12-25 14:30:16.77418	\N	\N	0	0	0	0
3908	170157	CUMBAYÁ	538	2012-12-25 14:30:16.77418	2012-12-25 14:30:16.77418	\N	\N	0	0	0	0
3909	170176	PÍNTAG	538	2012-12-25 14:30:16.77418	2012-12-25 14:30:16.77418	\N	\N	0	0	0	0
3910	170158	CHAVEZPAMBA	538	2012-12-25 14:30:16.77418	2012-12-25 14:30:16.77418	\N	\N	0	0	0	0
3911	170177	POMASQUI	538	2012-12-25 14:30:16.77418	2012-12-25 14:30:16.77418	\N	\N	0	0	0	0
3912	170159	CHECA	538	2012-12-25 14:30:16.77418	2012-12-25 14:30:16.77418	\N	\N	0	0	0	0
3913	170178	PUÉLLARO	538	2012-12-25 14:30:16.77418	2012-12-25 14:30:16.77418	\N	\N	0	0	0	0
3914	170160	EL QUINCHE	538	2012-12-25 14:30:16.77418	2012-12-25 14:30:16.77418	\N	\N	0	0	0	0
3915	170179	PUEMBO	538	2012-12-25 14:30:16.77418	2012-12-25 14:30:16.77418	\N	\N	0	0	0	0
3916	170161	GUALEA	538	2012-12-25 14:30:16.77418	2012-12-25 14:30:16.77418	\N	\N	0	0	0	0
3917	170180	SAN ANTONIO	538	2012-12-25 14:30:16.77418	2012-12-25 14:30:16.77418	\N	\N	0	0	0	0
3918	170162	GUANGOPOLO	538	2012-12-25 14:30:16.77418	2012-12-25 14:30:16.77418	\N	\N	0	0	0	0
3919	170181	SAN JOSÉ DE MINAS	538	2012-12-25 14:30:16.77418	2012-12-25 14:30:16.77418	\N	\N	0	0	0	0
3920	170163	GUAYLLABAMBA	538	2012-12-25 14:30:16.77418	2012-12-25 14:30:16.77418	\N	\N	0	0	0	0
3921	170182	SAN MIGUEL DE LOS BANCOS	538	2012-12-25 14:30:16.77418	2012-12-25 14:30:16.77418	\N	\N	0	0	1	0
3922	170164	LA MERCED	538	2012-12-25 14:30:16.77418	2012-12-25 14:30:16.77418	\N	\N	0	0	0	0
3923	170183	TABABELA	538	2012-12-25 14:30:16.77418	2012-12-25 14:30:16.77418	\N	\N	0	0	0	0
3924	170165	LLANO CHICO	538	2012-12-25 14:30:16.77418	2012-12-25 14:30:16.77418	\N	\N	0	0	0	0
3925	170184	TUMBACO	538	2012-12-25 14:30:16.77418	2012-12-25 14:30:16.77418	\N	\N	0	0	0	0
3926	170166	LLOA	538	2012-12-25 14:30:16.77418	2012-12-25 14:30:16.77418	\N	\N	0	0	0	0
3927	170185	YARUQUÍ	538	2012-12-25 14:30:16.77418	2012-12-25 14:30:16.77418	\N	\N	0	0	0	0
3928	170167	MINDO	538	2012-12-25 14:30:16.77418	2012-12-25 14:30:16.77418	\N	\N	0	0	1	0
3929	170186	ZAMBIZA	538	2012-12-25 14:30:16.77418	2012-12-25 14:30:16.77418	\N	\N	0	0	0	0
3930	170168	NANEGAL	538	2012-12-25 14:30:16.77418	2012-12-25 14:30:16.77418	\N	\N	0	0	0	0
3931	170187	PUERTO QUITO	538	2012-12-25 14:30:16.77418	2012-12-25 14:30:16.77418	\N	\N	0	0	1	0
3932	170169	NANEGALITO	538	2012-12-25 14:30:16.77418	2012-12-25 14:30:16.77418	\N	\N	0	0	0	0
3933	170250	CAYAMBE	539	2012-12-25 14:30:16.77418	2012-12-25 14:30:16.77418	\N	\N	1	0	0	0
3934	170201	AYORA	539	2012-12-25 14:30:16.77418	2012-12-25 14:30:16.77418	\N	\N	0	0	0	0
3935	170203	JUAN MONTALVO	539	2012-12-25 14:30:16.77418	2012-12-25 14:30:16.77418	\N	\N	0	0	0	0
3936	170202	CAYAMBE	539	2012-12-25 14:30:16.77418	2012-12-25 14:30:16.77418	\N	\N	0	0	0	0
3937	170251	ASCÁZUBI	539	2012-12-25 14:30:16.77418	2012-12-25 14:30:16.77418	\N	\N	0	0	0	0
3938	170254	OTÓN	539	2012-12-25 14:30:16.77418	2012-12-25 14:30:16.77418	\N	\N	0	0	0	0
3939	170252	CANGAHUA	539	2012-12-25 14:30:16.77418	2012-12-25 14:30:16.77418	\N	\N	0	0	0	0
3940	170255	SANTA ROSA DE CUZUBAMBA	539	2012-12-25 14:30:16.77418	2012-12-25 14:30:16.77418	\N	\N	0	0	0	0
3941	170253	OLMEDO (PESILLO)	539	2012-12-25 14:30:16.77418	2012-12-25 14:30:16.77418	\N	\N	0	0	0	0
3942	170350	MACHACHI	540	2012-12-25 14:30:16.77418	2012-12-25 14:30:16.77418	\N	\N	1	0	0	0
3943	170351	ALÓAG	540	2012-12-25 14:30:16.77418	2012-12-25 14:30:16.77418	\N	\N	0	0	0	0
3944	170355	MANUEL CORNEJO ASTORGA (TANDAPI)	540	2012-12-25 14:30:16.77418	2012-12-25 14:30:16.77418	\N	\N	0	0	0	0
3945	170352	ALOASÍ	540	2012-12-25 14:30:16.77418	2012-12-25 14:30:16.77418	\N	\N	0	0	0	0
3946	170356	TAMBILLO	540	2012-12-25 14:30:16.77418	2012-12-25 14:30:16.77418	\N	\N	0	0	0	0
3947	170353	CUTUGLAHUA	540	2012-12-25 14:30:16.77418	2012-12-25 14:30:16.77418	\N	\N	0	0	0	0
3948	170357	UYUMBICHO	540	2012-12-25 14:30:16.77418	2012-12-25 14:30:16.77418	\N	\N	0	0	0	0
3949	170354	EL CHAUPI	540	2012-12-25 14:30:16.77418	2012-12-25 14:30:16.77418	\N	\N	0	0	0	0
3950	170450	TABACUNDO	541	2012-12-25 14:30:16.77418	2012-12-25 14:30:16.77418	\N	\N	1	0	0	0
3951	170451	LA ESPERANZA	541	2012-12-25 14:30:16.77418	2012-12-25 14:30:16.77418	\N	\N	0	0	0	0
3952	170453	TOCACHI	541	2012-12-25 14:30:16.77418	2012-12-25 14:30:16.77418	\N	\N	0	0	0	0
3953	170452	MALCHINGUÍ	541	2012-12-25 14:30:16.77418	2012-12-25 14:30:16.77418	\N	\N	0	0	0	0
3954	170454	TUPIGACHI	541	2012-12-25 14:30:16.77418	2012-12-25 14:30:16.77418	\N	\N	0	0	0	0
3955	170550	SANGOLQUI	542	2012-12-25 14:30:16.77418	2012-12-25 14:30:16.77418	\N	\N	1	0	0	0
3956	170501	SANGOLQUÍ	542	2012-12-25 14:30:16.77418	2012-12-25 14:30:16.77418	\N	\N	0	0	0	0
3957	170503	SAN RAFAEL	542	2012-12-25 14:30:16.77418	2012-12-25 14:30:16.77418	\N	\N	0	0	0	0
3958	170502	SAN PEDRO DE TABOADA	542	2012-12-25 14:30:16.77418	2012-12-25 14:30:16.77418	\N	\N	0	0	0	0
3959	170551	COTOGCHOA	542	2012-12-25 14:30:16.77418	2012-12-25 14:30:16.77418	\N	\N	0	0	0	0
3960	170552	RUMIPAMBA	542	2012-12-25 14:30:16.77418	2012-12-25 14:30:16.77418	\N	\N	0	0	0	0
3961	170750	SAN MIGUEL DE LOS BANCOS	544	2012-12-25 14:30:16.77418	2012-12-25 14:30:16.77418	\N	\N	1	0	0	0
3962	170751	MINDO	544	2012-12-25 14:30:16.77418	2012-12-25 14:30:16.77418	\N	\N	0	0	0	0
3963	170753	PUERTO QUITO	544	2012-12-25 14:30:16.77418	2012-12-25 14:30:16.77418	\N	\N	0	0	1	0
3964	170752	PEDRO VICENTE MALDONADO	544	2012-12-25 14:30:16.77418	2012-12-25 14:30:16.77418	\N	\N	0	0	1	0
3965	170850	PEDRO VICENTE MALDONADO	545	2012-12-25 14:30:16.77418	2012-12-25 14:30:16.77418	\N	\N	1	0	0	0
3966	170950	PUERTO QUITO	546	2012-12-25 14:30:16.77418	2012-12-25 14:30:16.77418	\N	\N	1	0	0	0
3967	180150	AMBATO	547	2012-12-25 14:30:21.683386	2012-12-25 14:30:21.683386	\N	\N	1	1	0	0
3968	180101	ATOCHA – FICOA	547	2012-12-25 14:30:21.683386	2012-12-25 14:30:21.683386	\N	\N	0	0	0	0
3969	180106	LA PENÍNSULA	547	2012-12-25 14:30:21.683386	2012-12-25 14:30:21.683386	\N	\N	0	0	0	0
3970	180102	CELIANO MONGE	547	2012-12-25 14:30:21.683386	2012-12-25 14:30:21.683386	\N	\N	0	0	0	0
3971	180107	MATRIZ	547	2012-12-25 14:30:21.683386	2012-12-25 14:30:21.683386	\N	\N	0	0	0	0
3972	180103	HUACHI CHICO	547	2012-12-25 14:30:21.683386	2012-12-25 14:30:21.683386	\N	\N	0	0	0	0
3973	180108	PISHILATA	547	2012-12-25 14:30:21.683386	2012-12-25 14:30:21.683386	\N	\N	0	0	0	0
3974	180104	HUACHI LORETO	547	2012-12-25 14:30:21.683386	2012-12-25 14:30:21.683386	\N	\N	0	0	0	0
3975	180109	SAN FRANCISCO	547	2012-12-25 14:30:21.683386	2012-12-25 14:30:21.683386	\N	\N	0	0	0	0
3976	180105	LA MERCED	547	2012-12-25 14:30:21.683386	2012-12-25 14:30:21.683386	\N	\N	0	0	0	0
3977	180151	AMBATILLO	547	2012-12-25 14:30:21.683386	2012-12-25 14:30:21.683386	\N	\N	0	0	0	0
3978	180160	PICAIGUA	547	2012-12-25 14:30:21.683386	2012-12-25 14:30:21.683386	\N	\N	0	0	0	0
3979	180152	ATAHUALPA (CHISALATA)	547	2012-12-25 14:30:21.683386	2012-12-25 14:30:21.683386	\N	\N	0	0	0	0
3980	180161	PILAGÜÍN (PILAHÜÍN)	547	2012-12-25 14:30:21.683386	2012-12-25 14:30:21.683386	\N	\N	0	0	0	0
3981	180153	AUGUSTO N. MARTÍNEZ (MUNDUGLEO)	547	2012-12-25 14:30:21.683386	2012-12-25 14:30:21.683386	\N	\N	0	0	0	0
3982	180162	QUISAPINCHA (QUIZAPINCHA)	547	2012-12-25 14:30:21.683386	2012-12-25 14:30:21.683386	\N	\N	0	0	0	0
3983	180154	CONSTANTINO FERNÁNDEZ (CAB. EN CULLITAHUA)	547	2012-12-25 14:30:21.683386	2012-12-25 14:30:21.683386	\N	\N	0	0	0	0
3984	180163	SAN BARTOLOMÉ DE PINLLOG	547	2012-12-25 14:30:21.683386	2012-12-25 14:30:21.683386	\N	\N	0	0	0	0
3985	180155	HUACHI GRANDE	547	2012-12-25 14:30:21.683386	2012-12-25 14:30:21.683386	\N	\N	0	0	0	0
3986	180164	SAN FERNANDO (PASA SAN FERNANDO)	547	2012-12-25 14:30:21.683386	2012-12-25 14:30:21.683386	\N	\N	0	0	0	0
3987	180156	IZAMBA	547	2012-12-25 14:30:21.683386	2012-12-25 14:30:21.683386	\N	\N	0	0	0	0
3988	180165	SANTA ROSA	547	2012-12-25 14:30:21.683386	2012-12-25 14:30:21.683386	\N	\N	0	0	0	0
3989	180157	JUAN BENIGNO VELA	547	2012-12-25 14:30:21.683386	2012-12-25 14:30:21.683386	\N	\N	0	0	0	0
3990	180166	TOTORAS	547	2012-12-25 14:30:21.683386	2012-12-25 14:30:21.683386	\N	\N	0	0	0	0
3991	180158	MONTALVO	547	2012-12-25 14:30:21.683386	2012-12-25 14:30:21.683386	\N	\N	0	0	0	0
3992	180167	CUNCHIBAMBA	547	2012-12-25 14:30:21.683386	2012-12-25 14:30:21.683386	\N	\N	0	0	0	0
3993	180159	PASA	547	2012-12-25 14:30:21.683386	2012-12-25 14:30:21.683386	\N	\N	0	0	0	0
3994	180168	UNAMUNCHO	547	2012-12-25 14:30:21.683386	2012-12-25 14:30:21.683386	\N	\N	0	0	0	0
3995	180250	BAÑOS DE AGUA SANTA	548	2012-12-25 14:30:21.683386	2012-12-25 14:30:21.683386	\N	\N	1	0	0	0
3996	180251	LLIGUA	548	2012-12-25 14:30:21.683386	2012-12-25 14:30:21.683386	\N	\N	0	0	0	0
3997	180253	RÍO VERDE	548	2012-12-25 14:30:21.683386	2012-12-25 14:30:21.683386	\N	\N	0	0	0	0
3998	180252	RÍO NEGRO	548	2012-12-25 14:30:21.683386	2012-12-25 14:30:21.683386	\N	\N	0	0	0	0
3999	180254	ULBA	548	2012-12-25 14:30:21.683386	2012-12-25 14:30:21.683386	\N	\N	0	0	0	0
4000	180350	CEVALLOS	549	2012-12-25 14:30:21.683386	2012-12-25 14:30:21.683386	\N	\N	1	0	0	0
4001	180450	MOCHA	550	2012-12-25 14:30:21.683386	2012-12-25 14:30:21.683386	\N	\N	1	0	0	0
4002	180451	PINGUILÍ	550	2012-12-25 14:30:21.683386	2012-12-25 14:30:21.683386	\N	\N	0	0	0	0
4003	180550	PATATE	551	2012-12-25 14:30:21.683386	2012-12-25 14:30:21.683386	\N	\N	1	0	0	0
4004	180551	EL TRIUNFO	551	2012-12-25 14:30:21.683386	2012-12-25 14:30:21.683386	\N	\N	0	0	0	0
4005	180553	SUCRE (CAB. EN SUCRE-PATATE URCU)	551	2012-12-25 14:30:21.683386	2012-12-25 14:30:21.683386	\N	\N	0	0	0	0
4006	180552	LOS ANDES (CAB. EN POATUG)	551	2012-12-25 14:30:21.683386	2012-12-25 14:30:21.683386	\N	\N	0	0	0	0
4007	180650	QUERO	552	2012-12-25 14:30:21.683386	2012-12-25 14:30:21.683386	\N	\N	1	0	0	0
4008	180651	RUMIPAMBA	552	2012-12-25 14:30:21.683386	2012-12-25 14:30:21.683386	\N	\N	0	0	0	0
4009	180652	YANAYACU - MOCHAPATA (CAB. EN YANAYACU)	552	2012-12-25 14:30:21.683386	2012-12-25 14:30:21.683386	\N	\N	0	0	0	0
4010	180750	PELILEO	553	2012-12-25 14:30:21.683386	2012-12-25 14:30:21.683386	\N	\N	1	0	0	0
4011	180701	PELILEO	553	2012-12-25 14:30:21.683386	2012-12-25 14:30:21.683386	\N	\N	0	0	0	0
4012	180702	PELILEO GRANDE	553	2012-12-25 14:30:21.683386	2012-12-25 14:30:21.683386	\N	\N	0	0	0	0
4013	180751	BENÍTEZ (PACHANLICA)	553	2012-12-25 14:30:21.683386	2012-12-25 14:30:21.683386	\N	\N	0	0	0	0
4014	180755	EL ROSARIO (RUMICHACA)	553	2012-12-25 14:30:21.683386	2012-12-25 14:30:21.683386	\N	\N	0	0	0	0
4015	180752	BOLÍVAR	553	2012-12-25 14:30:21.683386	2012-12-25 14:30:21.683386	\N	\N	0	0	0	0
4016	180756	GARCÍA MORENO (CHUMAQUI)	553	2012-12-25 14:30:21.683386	2012-12-25 14:30:21.683386	\N	\N	0	0	0	0
4017	180753	COTALÓ	553	2012-12-25 14:30:21.683386	2012-12-25 14:30:21.683386	\N	\N	0	0	0	0
4018	180757	GUAMBALÓ (HUAMBALÓ)	553	2012-12-25 14:30:21.683386	2012-12-25 14:30:21.683386	\N	\N	0	0	0	0
4019	180754	CHIQUICHA (CAB. EN CHIQUICHA GRANDE)	553	2012-12-25 14:30:21.683386	2012-12-25 14:30:21.683386	\N	\N	0	0	0	0
4020	180758	SALASACA	553	2012-12-25 14:30:21.683386	2012-12-25 14:30:21.683386	\N	\N	0	0	0	0
4021	180850	PÍLLARO	554	2012-12-25 14:30:21.683386	2012-12-25 14:30:21.683386	\N	\N	1	0	0	0
4022	180801	CIUDAD NUEVA	554	2012-12-25 14:30:21.683386	2012-12-25 14:30:21.683386	\N	\N	0	0	0	0
4023	180802	PÍLLARO	554	2012-12-25 14:30:21.683386	2012-12-25 14:30:21.683386	\N	\N	0	0	0	0
4024	180851	BAQUERIZO MORENO	554	2012-12-25 14:30:21.683386	2012-12-25 14:30:21.683386	\N	\N	0	0	0	0
4025	180855	SAN ANDRÉS	554	2012-12-25 14:30:21.683386	2012-12-25 14:30:21.683386	\N	\N	0	0	0	0
4026	180852	EMILIO MARÍA TERÁN (RUMIPAMBA)	554	2012-12-25 14:30:21.683386	2012-12-25 14:30:21.683386	\N	\N	0	0	0	0
4027	180856	SAN JOSÉ DE POALÓ	554	2012-12-25 14:30:21.683386	2012-12-25 14:30:21.683386	\N	\N	0	0	0	0
4028	180853	MARCOS ESPINEL (CHACATA)	554	2012-12-25 14:30:21.683386	2012-12-25 14:30:21.683386	\N	\N	0	0	0	0
4029	180857	SAN MIGUELITO	554	2012-12-25 14:30:21.683386	2012-12-25 14:30:21.683386	\N	\N	0	0	0	0
4030	180854	PRESIDENTE URBINA (CHAGRAPAMBA -PATZUCUL)	554	2012-12-25 14:30:21.683386	2012-12-25 14:30:21.683386	\N	\N	0	0	0	0
4031	180950	TISALEO	555	2012-12-25 14:30:21.683386	2012-12-25 14:30:21.683386	\N	\N	1	0	0	0
4032	180951	QUINCHICOTO	555	2012-12-25 14:30:21.683386	2012-12-25 14:30:21.683386	\N	\N	0	0	0	0
4033	190150	ZAMORA	556	2012-12-25 14:30:21.683386	2012-12-25 14:30:21.683386	\N	\N	1	1	0	0
4034	190101	EL LIMÓN	556	2012-12-25 14:30:21.683386	2012-12-25 14:30:21.683386	\N	\N	0	0	0	0
4035	190102	ZAMORA	556	2012-12-25 14:30:21.683386	2012-12-25 14:30:21.683386	\N	\N	0	0	0	0
4036	190151	CUMBARATZA	556	2012-12-25 14:30:21.683386	2012-12-25 14:30:21.683386	\N	\N	0	0	0	0
4037	190155	SABANILLA	556	2012-12-25 14:30:21.683386	2012-12-25 14:30:21.683386	\N	\N	0	0	0	0
4038	190152	GUADALUPE	556	2012-12-25 14:30:21.683386	2012-12-25 14:30:21.683386	\N	\N	0	0	0	0
4039	190156	TIMBARA	556	2012-12-25 14:30:21.683386	2012-12-25 14:30:21.683386	\N	\N	0	0	0	0
4040	190153	IMBANA (LA VICTORIA DE IMBANA)	556	2012-12-25 14:30:21.683386	2012-12-25 14:30:21.683386	\N	\N	0	0	0	0
4041	190157	ZUMBI	556	2012-12-25 14:30:21.683386	2012-12-25 14:30:21.683386	\N	\N	0	0	1	0
4042	190154	PAQUISHA	556	2012-12-25 14:30:21.683386	2012-12-25 14:30:21.683386	\N	\N	0	0	1	0
4043	190158	SAN CARLOS DE LAS MINAS	556	2012-12-25 14:30:21.683386	2012-12-25 14:30:21.683386	\N	\N	0	0	0	0
4044	190250	ZUMBA	557	2012-12-25 14:30:21.683386	2012-12-25 14:30:21.683386	\N	\N	1	0	0	0
4045	190251	CHITO	557	2012-12-25 14:30:21.683386	2012-12-25 14:30:21.683386	\N	\N	0	0	0	0
4046	190256	PUCAPAMBA	557	2012-12-25 14:30:21.683386	2012-12-25 14:30:21.683386	\N	\N	0	0	0	0
4047	190252	EL CHORRO	557	2012-12-25 14:30:21.683386	2012-12-25 14:30:21.683386	\N	\N	0	0	0	0
4048	190257	SAN FRANCISCO DEL VERGEL	557	2012-12-25 14:30:21.683386	2012-12-25 14:30:21.683386	\N	\N	0	0	1	0
4049	190253	EL PORVENIR DEL CARMEN	557	2012-12-25 14:30:21.683386	2012-12-25 14:30:21.683386	\N	\N	0	0	1	0
4050	190258	VALLADOLID	557	2012-12-25 14:30:21.683386	2012-12-25 14:30:21.683386	\N	\N	0	0	1	0
4051	190254	LA CHONTA	557	2012-12-25 14:30:21.683386	2012-12-25 14:30:21.683386	\N	\N	0	0	0	0
4052	190259	SAN ANDRÉS	557	2012-12-25 14:30:21.683386	2012-12-25 14:30:21.683386	\N	\N	0	0	0	0
4053	190255	PALANDA	557	2012-12-25 14:30:21.683386	2012-12-25 14:30:21.683386	\N	\N	0	0	1	0
4054	190350	GUAYZIMI	558	2012-12-25 14:30:21.683386	2012-12-25 14:30:21.683386	\N	\N	1	0	0	0
4055	190351	ZURMI	558	2012-12-25 14:30:21.683386	2012-12-25 14:30:21.683386	\N	\N	0	0	0	0
4056	190352	NUEVO PARAÍSO	558	2012-12-25 14:30:21.683386	2012-12-25 14:30:21.683386	\N	\N	0	0	0	0
4057	190450	28 DE MAYO (SAN JOSÉ DE YACUAMBI)	559	2012-12-25 14:30:21.683386	2012-12-25 14:30:21.683386	\N	\N	1	0	0	0
4058	190451	LA PAZ	559	2012-12-25 14:30:21.683386	2012-12-25 14:30:21.683386	\N	\N	0	0	0	0
4059	190452	TUTUPALI	559	2012-12-25 14:30:21.683386	2012-12-25 14:30:21.683386	\N	\N	0	0	0	0
4060	190550	YANTZAZA (YANZATZA)	560	2012-12-25 14:30:21.683386	2012-12-25 14:30:21.683386	\N	\N	1	0	0	0
4061	190551	CHICAÑA	560	2012-12-25 14:30:21.683386	2012-12-25 14:30:21.683386	\N	\N	0	0	0	0
4062	190553	LOS ENCUENTROS	560	2012-12-25 14:30:21.683386	2012-12-25 14:30:21.683386	\N	\N	0	0	0	0
4063	190552	EL PANGUI	560	2012-12-25 14:30:21.683386	2012-12-25 14:30:21.683386	\N	\N	0	0	1	0
4064	190650	EL PANGUI	561	2012-12-25 14:30:21.683386	2012-12-25 14:30:21.683386	\N	\N	1	0	0	0
4065	190651	EL GUISME	561	2012-12-25 14:30:21.683386	2012-12-25 14:30:21.683386	\N	\N	0	0	0	0
4066	190653	TUNDAYME	561	2012-12-25 14:30:21.683386	2012-12-25 14:30:21.683386	\N	\N	0	0	0	0
4067	190652	PACHICUTZA	561	2012-12-25 14:30:21.683386	2012-12-25 14:30:21.683386	\N	\N	0	0	0	0
4068	190750	ZUMBI	562	2012-12-25 14:30:21.683386	2012-12-25 14:30:21.683386	\N	\N	1	0	0	0
4069	190751	PAQUISHA	562	2012-12-25 14:30:21.683386	2012-12-25 14:30:21.683386	\N	\N	0	0	1	0
4070	190753	PANGUINTZA	562	2012-12-25 14:30:21.683386	2012-12-25 14:30:21.683386	\N	\N	0	0	0	0
4071	190752	TRIUNFO-DORADO	562	2012-12-25 14:30:21.683386	2012-12-25 14:30:21.683386	\N	\N	0	0	0	0
4072	190850	PALANDA	563	2012-12-25 14:30:21.683386	2012-12-25 14:30:21.683386	\N	\N	1	0	0	0
4073	190851	EL PORVENIR DEL CARMEN	563	2012-12-25 14:30:21.683386	2012-12-25 14:30:21.683386	\N	\N	0	0	0	0
4074	190853	VALLADOLID	563	2012-12-25 14:30:21.683386	2012-12-25 14:30:21.683386	\N	\N	0	0	0	0
4075	190852	SAN FRANCISCO DEL VERGEL	563	2012-12-25 14:30:21.683386	2012-12-25 14:30:21.683386	\N	\N	0	0	0	0
4076	190854	LA CANELA	563	2012-12-25 14:30:21.683386	2012-12-25 14:30:21.683386	\N	\N	0	0	0	0
4077	190950	PAQUISHA	564	2012-12-25 14:30:21.683386	2012-12-25 14:30:21.683386	\N	\N	1	0	0	0
4078	190951	BELLAVISTA	564	2012-12-25 14:30:21.683386	2012-12-25 14:30:21.683386	\N	\N	0	0	0	0
4079	190952	NUEVO QUITO	564	2012-12-25 14:30:21.683386	2012-12-25 14:30:21.683386	\N	\N	0	0	0	0
4080	200150	PUERTO BAQUERIZO MORENO	565	2012-12-25 14:30:21.683386	2012-12-25 14:30:21.683386	\N	\N	1	1	0	0
4081	200151	EL PROGRESO	565	2012-12-25 14:30:32.498719	2012-12-25 14:30:32.498719	\N	\N	0	0	0	0
4082	200152	ISLA SANTA MARÍA (FLOREANA) (CAB. EN PTO. VELASCO IBARRA)	565	2012-12-25 14:30:32.498719	2012-12-25 14:30:32.498719	\N	\N	0	0	0	0
4083	200250	PUERTO VILLAMIL	566	2012-12-25 14:30:32.498719	2012-12-25 14:30:32.498719	\N	\N	1	0	0	0
4084	200251	TOMÁS DE BERLANGA (SANTO TOMÁS)	566	2012-12-25 14:30:32.498719	2012-12-25 14:30:32.498719	\N	\N	0	0	0	0
4085	200350	PUERTO AYORA	567	2012-12-25 14:30:32.498719	2012-12-25 14:30:32.498719	\N	\N	1	0	0	0
4086	200351	BELLAVISTA	567	2012-12-25 14:30:32.498719	2012-12-25 14:30:32.498719	\N	\N	0	0	0	0
4087	200352	SANTA ROSA (INCLUYE LA ISLA BALTRA)	567	2012-12-25 14:30:32.498719	2012-12-25 14:30:32.498719	\N	\N	0	0	0	0
4088	210150	NUEVA LOJA	568	2012-12-25 14:30:32.498719	2012-12-25 14:30:32.498719	\N	\N	1	1	0	0
4089	210151	CUYABENO	568	2012-12-25 14:30:32.498719	2012-12-25 14:30:32.498719	\N	\N	0	0	1	0
4090	210156	PACAYACU	568	2012-12-25 14:30:32.498719	2012-12-25 14:30:32.498719	\N	\N	0	0	0	0
4091	210152	DURENO	568	2012-12-25 14:30:32.498719	2012-12-25 14:30:32.498719	\N	\N	0	0	0	0
4092	210157	JAMBELÍ	568	2012-12-25 14:30:32.498719	2012-12-25 14:30:32.498719	\N	\N	0	0	0	0
4093	210153	GENERAL FARFÁN	568	2012-12-25 14:30:32.498719	2012-12-25 14:30:32.498719	\N	\N	0	0	0	0
4094	210158	SANTA CECILIA	568	2012-12-25 14:30:32.498719	2012-12-25 14:30:32.498719	\N	\N	0	0	0	0
4095	210154	TARAPOA	568	2012-12-25 14:30:32.498719	2012-12-25 14:30:32.498719	\N	\N	0	0	1	0
4096	210159	AGUAS NEGRAS	568	2012-12-25 14:30:32.498719	2012-12-25 14:30:32.498719	\N	\N	0	0	1	0
4097	210155	EL ENO	568	2012-12-25 14:30:32.498719	2012-12-25 14:30:32.498719	\N	\N	0	0	0	0
4098	210250	EL DORADO DE CASCALES	569	2012-12-25 14:30:32.498719	2012-12-25 14:30:32.498719	\N	\N	1	0	1	0
4099	210251	EL REVENTADOR	569	2012-12-25 14:30:32.498719	2012-12-25 14:30:32.498719	\N	\N	0	0	0	0
4100	210254	PUERTO LIBRE	569	2012-12-25 14:30:32.498719	2012-12-25 14:30:32.498719	\N	\N	0	0	0	0
4101	210252	GONZALO PIZARRO	569	2012-12-25 14:30:32.498719	2012-12-25 14:30:32.498719	\N	\N	0	0	0	0
4102	210255	SANTA ROSA DE SUCUMBÍOS	569	2012-12-25 14:30:32.498719	2012-12-25 14:30:32.498719	\N	\N	0	0	1	0
4103	210253	LUMBAQUÍ	569	2012-12-25 14:30:32.498719	2012-12-25 14:30:32.498719	\N	\N	0	0	1	0
4104	210350	PUERTO EL CARMEN DEL PUTUMAYO	570	2012-12-25 14:30:32.498719	2012-12-25 14:30:32.498719	\N	\N	1	0	0	0
4105	210351	PALMA ROJA	570	2012-12-25 14:30:32.498719	2012-12-25 14:30:32.498719	\N	\N	0	0	0	0
4106	210353	PUERTO RODRÍGUEZ	570	2012-12-25 14:30:32.498719	2012-12-25 14:30:32.498719	\N	\N	0	0	0	0
4107	210352	PUERTO BOLÍVAR (PUERTO MONTÚFAR)	570	2012-12-25 14:30:32.498719	2012-12-25 14:30:32.498719	\N	\N	0	0	0	0
4108	210354	SANTA ELENA	570	2012-12-25 14:30:32.498719	2012-12-25 14:30:32.498719	\N	\N	0	0	0	0
4109	210450	SHUSHUFINDI	571	2012-12-25 14:30:32.498719	2012-12-25 14:30:32.498719	\N	\N	1	0	0	0
4110	210451	LIMONCOCHA	571	2012-12-25 14:30:32.498719	2012-12-25 14:30:32.498719	\N	\N	0	0	0	0
4111	210454	SAN PEDRO DE LOS COFANES	571	2012-12-25 14:30:32.498719	2012-12-25 14:30:32.498719	\N	\N	0	0	0	0
4112	210452	PAÑACOCHA	571	2012-12-25 14:30:32.498719	2012-12-25 14:30:32.498719	\N	\N	0	0	0	0
4113	210455	SIETE DE JULIO	571	2012-12-25 14:30:32.498719	2012-12-25 14:30:32.498719	\N	\N	0	0	0	0
4114	210453	SAN ROQUE (CAB. EN SAN VICENTE)	571	2012-12-25 14:30:32.498719	2012-12-25 14:30:32.498719	\N	\N	0	0	0	0
4115	210550	LA BONITA	572	2012-12-25 14:30:32.498719	2012-12-25 14:30:32.498719	\N	\N	1	0	0	0
4116	210551	EL PLAYÓN DE SAN FRANCISCO	572	2012-12-25 14:30:32.498719	2012-12-25 14:30:32.498719	\N	\N	0	0	0	0
4117	210553	ROSA FLORIDA	572	2012-12-25 14:30:32.498719	2012-12-25 14:30:32.498719	\N	\N	0	0	0	0
4118	210552	LA SOFÍA	572	2012-12-25 14:30:32.498719	2012-12-25 14:30:32.498719	\N	\N	0	0	0	0
4119	210554	SANTA BÁRBARA	572	2012-12-25 14:30:32.498719	2012-12-25 14:30:32.498719	\N	\N	0	0	0	0
4120	210650	EL DORADO DE CASCALES	573	2012-12-25 14:30:32.498719	2012-12-25 14:30:32.498719	\N	\N	1	0	0	0
4121	210651	SANTA ROSA DE SUCUMBÍOS	573	2012-12-25 14:30:32.498719	2012-12-25 14:30:32.498719	\N	\N	0	0	0	0
4122	210652	SEVILLA	573	2012-12-25 14:30:32.498719	2012-12-25 14:30:32.498719	\N	\N	0	0	0	0
4123	210750	TARAPOA	574	2012-12-25 14:30:32.498719	2012-12-25 14:30:32.498719	\N	\N	1	0	0	0
4124	210751	CUYABENO	574	2012-12-25 14:30:32.498719	2012-12-25 14:30:32.498719	\N	\N	0	0	0	0
4125	210752	AGUAS NEGRAS	574	2012-12-25 14:30:32.498719	2012-12-25 14:30:32.498719	\N	\N	0	0	0	0
4126	220150	PUERTO FRANCISCO DE ORELLANA (EL COCA)	575	2012-12-25 14:30:32.498719	2012-12-25 14:30:32.498719	\N	\N	1	1	0	0
4127	220151	DAYUMA	575	2012-12-25 14:30:32.498719	2012-12-25 14:30:32.498719	\N	\N	0	0	0	0
4128	220158	LA BELLEZA	575	2012-12-25 14:30:32.498719	2012-12-25 14:30:32.498719	\N	\N	0	0	0	0
4129	220152	TARACOA (NUEVA ESPERANZA: YUCA)	575	2012-12-25 14:30:32.498719	2012-12-25 14:30:32.498719	\N	\N	0	0	0	0
4130	220159	NUEVO PARAÍSO (CAB. EN UNIÓN	575	2012-12-25 14:30:32.498719	2012-12-25 14:30:32.498719	\N	\N	0	0	0	0
4131	220153	ALEJANDRO LABAKA	575	2012-12-25 14:30:32.498719	2012-12-25 14:30:32.498719	\N	\N	0	0	0	0
4132	220154	EL DORADO	575	2012-12-25 14:30:32.498719	2012-12-25 14:30:32.498719	\N	\N	0	0	0	0
4133	220160	SAN JOSÉ DE GUAYUSA	575	2012-12-25 14:30:32.498719	2012-12-25 14:30:32.498719	\N	\N	0	0	0	0
4134	220155	EL EDÉN	575	2012-12-25 14:30:32.498719	2012-12-25 14:30:32.498719	\N	\N	0	0	0	0
4135	220161	SAN LUIS DE ARMENIA	575	2012-12-25 14:30:32.498719	2012-12-25 14:30:32.498719	\N	\N	0	0	0	0
4136	220156	GARCÍA MORENO	575	2012-12-25 14:30:32.498719	2012-12-25 14:30:32.498719	\N	\N	0	0	0	0
4137	220157	INÉS ARANGO (CAB. EN WESTERN)	575	2012-12-25 14:30:32.498719	2012-12-25 14:30:32.498719	\N	\N	0	0	0	0
4138	220250	NUEVO ROCAFUERTE	576	2012-12-25 14:30:38.637705	2012-12-25 14:30:38.637705	\N	\N	1	0	0	0
4139	220201	TIPITINI	576	2012-12-25 14:30:38.637705	2012-12-25 14:30:38.637705	\N	\N	0	0	0	0
4140	220251	CAPITÁN AUGUSTO RIVADENEYRA	576	2012-12-25 14:30:38.637705	2012-12-25 14:30:38.637705	\N	\N	0	0	0	0
4141	220254	TIPUTINI	576	2012-12-25 14:30:38.637705	2012-12-25 14:30:38.637705	\N	\N	0	0	0	0
4142	220252	CONONACO	576	2012-12-25 14:30:38.637705	2012-12-25 14:30:38.637705	\N	\N	0	0	0	0
4143	220255	YASUNÍ	576	2012-12-25 14:30:38.637705	2012-12-25 14:30:38.637705	\N	\N	0	0	0	0
4144	220253	SANTA MARÍA DE HUIRIRIMA	576	2012-12-25 14:30:38.637705	2012-12-25 14:30:38.637705	\N	\N	0	0	0	0
4145	220350	LA JOYA DE LOS SACHAS	577	2012-12-25 14:30:38.637705	2012-12-25 14:30:38.637705	\N	\N	1	0	0	0
4146	220351	ENOKANQUI	577	2012-12-25 14:30:38.637705	2012-12-25 14:30:38.637705	\N	\N	0	0	0	0
4147	220355	LAGO SAN PEDRO	577	2012-12-25 14:30:38.637705	2012-12-25 14:30:38.637705	\N	\N	0	0	0	0
4148	220352	POMPEYA	577	2012-12-25 14:30:38.637705	2012-12-25 14:30:38.637705	\N	\N	0	0	0	0
4149	220356	RUMIPAMBA	577	2012-12-25 14:30:38.637705	2012-12-25 14:30:38.637705	\N	\N	0	0	0	0
4150	220353	SAN CARLOS	577	2012-12-25 14:30:38.637705	2012-12-25 14:30:38.637705	\N	\N	0	0	0	0
4151	220357	TRES DE NOVIEMBRE	577	2012-12-25 14:30:38.637705	2012-12-25 14:30:38.637705	\N	\N	0	0	0	0
4152	220354	SAN SEBASTIÁN DEL COCA	577	2012-12-25 14:30:38.637705	2012-12-25 14:30:38.637705	\N	\N	0	0	0	0
4153	220358	UNIÓN MILAGREÑA	577	2012-12-25 14:30:38.637705	2012-12-25 14:30:38.637705	\N	\N	0	0	0	0
4154	220450	LORETO	578	2012-12-25 14:30:38.637705	2012-12-25 14:30:38.637705	\N	\N	1	0	0	0
4155	220451	AVILA (CAB. EN HUIRUNO)	578	2012-12-25 14:30:38.637705	2012-12-25 14:30:38.637705	\N	\N	0	0	0	0
4156	220454	SAN JOSÉ DE DAHUANO	578	2012-12-25 14:30:38.637705	2012-12-25 14:30:38.637705	\N	\N	0	0	0	0
4157	220452	PUERTO MURIALDO	578	2012-12-25 14:30:38.637705	2012-12-25 14:30:38.637705	\N	\N	0	0	0	0
4158	220455	SAN VICENTE DE HUATICOCHA	578	2012-12-25 14:30:43.036041	2012-12-25 14:30:43.036041	\N	\N	0	0	0	0
4159	220453	SAN JOSÉ DE PAYAMINO	578	2012-12-25 14:30:43.036041	2012-12-25 14:30:43.036041	\N	\N	0	0	0	0
4160	230150	SANTO DOMINGO DE LOS COLORADOS	579	2012-12-25 14:30:43.036041	2012-12-25 14:30:43.036041	\N	\N	1	0	0	0
4161	230101	ABRAHAM CALAZACÓN	579	2012-12-25 14:30:43.036041	2012-12-25 14:30:43.036041	\N	\N	0	0	0	0
4162	230105	RÍO VERDE	579	2012-12-25 14:30:43.036041	2012-12-25 14:30:43.036041	\N	\N	0	0	0	0
4163	230102	BOMBOLÍ	579	2012-12-25 14:30:43.036041	2012-12-25 14:30:43.036041	\N	\N	0	0	0	0
4164	230106	SANTO DOMINGO DE LOS COLORADOS	579	2012-12-25 14:30:43.036041	2012-12-25 14:30:43.036041	\N	\N	0	0	0	0
4165	230103	CHIGUILPE	579	2012-12-25 14:30:43.036041	2012-12-25 14:30:43.036041	\N	\N	0	0	0	0
4166	230107	ZARACAY	579	2012-12-25 14:30:43.036041	2012-12-25 14:30:43.036041	\N	\N	0	0	0	0
4167	230104	RÍO TOACHI	579	2012-12-25 14:30:43.036041	2012-12-25 14:30:43.036041	\N	\N	0	0	0	0
4168	230151	ALLURIQUÍN	579	2012-12-25 14:30:43.036041	2012-12-25 14:30:43.036041	\N	\N	0	0	0	0
4169	230155	VALLE HERMOSO	579	2012-12-25 14:30:43.036041	2012-12-25 14:30:43.036041	\N	\N	0	0	0	0
4170	230152	PUERTO LIMÓN	579	2012-12-25 14:30:43.036041	2012-12-25 14:30:43.036041	\N	\N	0	0	0	0
4171	230156	EL ESFUERZO	579	2012-12-25 14:30:43.036041	2012-12-25 14:30:43.036041	\N	\N	0	0	0	0
4172	230153	LUZ DE AMÉRICA	579	2012-12-25 14:30:43.036041	2012-12-25 14:30:43.036041	\N	\N	0	0	0	0
4173	230157	SANTA MARÍA DEL TOACHI	579	2012-12-25 14:30:43.036041	2012-12-25 14:30:43.036041	\N	\N	0	0	0	0
4174	230154	SAN JACINTO DEL BÚA	579	2012-12-25 14:30:43.036041	2012-12-25 14:30:43.036041	\N	\N	0	0	0	0
4175	240150	SANTA ELENA	580	2012-12-25 14:30:43.036041	2012-12-25 14:30:43.036041	\N	\N	1	0	0	0
4176	240101	BALLENITA	580	2012-12-25 14:30:43.036041	2012-12-25 14:30:43.036041	\N	\N	0	0	0	0
4177	240102	SANTA ELENA	580	2012-12-25 14:30:43.036041	2012-12-25 14:30:43.036041	\N	\N	0	0	0	0
4178	240151	ATAHUALPA	580	2012-12-25 14:30:43.036041	2012-12-25 14:30:43.036041	\N	\N	0	0	0	0
4179	240154	MANGLARALTO	580	2012-12-25 14:30:43.036041	2012-12-25 14:30:43.036041	\N	\N	0	0	0	0
4180	240152	COLONCHE	580	2012-12-25 14:30:43.036041	2012-12-25 14:30:43.036041	\N	\N	0	0	0	0
4181	240155	SIMÓN BOLÍVAR (JULIO MORENO)	580	2012-12-25 14:30:43.036041	2012-12-25 14:30:43.036041	\N	\N	0	0	0	0
4182	240153	CHANDUY	580	2012-12-25 14:30:43.036041	2012-12-25 14:30:43.036041	\N	\N	0	0	0	0
4183	240156	SAN JOSÉ DE ANCÓN	580	2012-12-25 14:30:43.036041	2012-12-25 14:30:43.036041	\N	\N	0	0	0	0
4184	240250	LA LIBERTAD	581	2012-12-25 14:30:43.036041	2012-12-25 14:30:43.036041	\N	\N	1	0	0	0
4185	240350	SALINAS	582	2012-12-25 14:30:43.036041	2012-12-25 14:30:43.036041	\N	\N	1	0	0	0
4186	240301	CARLOS ESPINOZA LARREA	582	2012-12-25 14:30:43.036041	2012-12-25 14:30:43.036041	\N	\N	0	0	0	0
4187	240303	VICENTE ROCAFUERTE	582	2012-12-25 14:30:43.036041	2012-12-25 14:30:43.036041	\N	\N	0	0	0	0
\.


--
-- TOC entry 2238 (class 0 OID 0)
-- Dependencies: 189
-- Name: parroquia_id_seq; Type: SEQUENCE SET; Schema: public; Owner: postgres
--

SELECT pg_catalog.setval('parroquia_id_seq', 4202, true);


--
-- TOC entry 2171 (class 0 OID 46284)
-- Dependencies: 178 2196
-- Data for Name: pregunta; Type: TABLE DATA; Schema: public; Owner: postgres
--

COPY pregunta (id, description, pregunta_id, name, tipo_id, orden, created, modified, created_by, modified_by, formulario_id) FROM stdin;
1		\N	Datos generales	1	\N	2012-12-25 23:50:11.311238	2012-12-25 23:50:11.311238	\N	\N	1
2		\N	Datos del Representante Legal	1	\N	2012-12-26 00:15:40.637766	2012-12-26 00:15:40.637766	\N	\N	1
5	Código de la institución.	1	Código de la institución	1	\N	2012-12-26 01:15:15.870439	2012-12-26 01:15:15.870439	\N	\N	1
\.


--
-- TOC entry 2239 (class 0 OID 0)
-- Dependencies: 177
-- Name: pregunta_id_seq; Type: SEQUENCE SET; Schema: public; Owner: postgres
--

SELECT pg_catalog.setval('pregunta_id_seq', 5, true);


--
-- TOC entry 2179 (class 0 OID 46404)
-- Dependencies: 186 2196
-- Data for Name: provincia; Type: TABLE DATA; Schema: public; Owner: postgres
--

COPY provincia (id, code, name, created, modified, created_by, modified_by) FROM stdin;
1	01	AZUAY	2012-12-25 09:30:47.066165	2012-12-25 09:30:47.066165	\N	\N
2	02	BOLIVAR	2012-12-25 09:30:47.066165	2012-12-25 09:30:47.066165	\N	\N
3	03	CA&Ntilde;AR	2012-12-25 09:30:47.066165	2012-12-25 09:30:47.066165	\N	\N
4	04	CARCHI	2012-12-25 09:30:47.066165	2012-12-25 09:30:47.066165	\N	\N
5	05	COTOPAXI	2012-12-25 09:30:47.066165	2012-12-25 09:30:47.066165	\N	\N
6	06	CHIMBORAZO	2012-12-25 09:30:47.066165	2012-12-25 09:30:47.066165	\N	\N
7	07	EL ORO	2012-12-25 09:30:47.066165	2012-12-25 09:30:47.066165	\N	\N
8	08	ESMERALDAS	2012-12-25 09:30:47.066165	2012-12-25 09:30:47.066165	\N	\N
9	09	GUAYAS	2012-12-25 09:30:47.066165	2012-12-25 09:30:47.066165	\N	\N
10	10	IMBABURA	2012-12-25 09:30:47.066165	2012-12-25 09:30:47.066165	\N	\N
11	11	LOJA	2012-12-25 09:30:47.066165	2012-12-25 09:30:47.066165	\N	\N
12	12	LOS RIOS	2012-12-25 09:30:47.066165	2012-12-25 09:30:47.066165	\N	\N
13	13	MANABI	2012-12-25 09:30:47.066165	2012-12-25 09:30:47.066165	\N	\N
14	14	MORONA SANTIAGO	2012-12-25 09:30:47.066165	2012-12-25 09:30:47.066165	\N	\N
15	15	NAPO	2012-12-25 09:30:47.066165	2012-12-25 09:30:47.066165	\N	\N
16	16	PASTAZA	2012-12-25 09:30:47.066165	2012-12-25 09:30:47.066165	\N	\N
17	17	PICHINCHA	2012-12-25 09:30:47.066165	2012-12-25 09:30:47.066165	\N	\N
18	18	TUNGURAHUA	2012-12-25 09:30:47.066165	2012-12-25 09:30:47.066165	\N	\N
19	19	ZAMORA CHINCHIPE	2012-12-25 09:30:47.066165	2012-12-25 09:30:47.066165	\N	\N
20	20	GALAPAGOS	2012-12-25 09:30:47.066165	2012-12-25 09:30:47.066165	\N	\N
21	21	SUCUMBIOS	2012-12-25 09:30:47.066165	2012-12-25 09:30:47.066165	\N	\N
22	22	ORELLANA	2012-12-25 09:30:47.066165	2012-12-25 09:30:47.066165	\N	\N
23	23	SANTO DOMINGO DE LOS TSACHILAS	2012-12-25 09:30:47.066165	2012-12-25 09:30:47.066165	\N	\N
24	24	SANTA ELENA	2012-12-25 09:30:47.066165	2012-12-25 09:30:47.066165	\N	\N
0	00	SIN PROVINCIA	2012-12-25 09:30:47.066165	2012-12-25 09:30:47.066165	\N	\N
26	90	ZONAS NO DELIMITADAS	2012-12-25 14:32:57.638047	2012-12-25 14:32:57.638047	\N	\N
\.


--
-- TOC entry 2240 (class 0 OID 0)
-- Dependencies: 185
-- Name: provincia_id_seq; Type: SEQUENCE SET; Schema: public; Owner: postgres
--

SELECT pg_catalog.setval('provincia_id_seq', 26, true);


--
-- TOC entry 2177 (class 0 OID 46382)
-- Dependencies: 184 2196
-- Data for Name: registro; Type: TABLE DATA; Schema: public; Owner: postgres
--

COPY registro (id, contexto, description, creado, created, modified, created_by, modified_by) FROM stdin;
\.


--
-- TOC entry 2241 (class 0 OID 0)
-- Dependencies: 183
-- Name: registro_id_seq; Type: SEQUENCE SET; Schema: public; Owner: postgres
--

SELECT pg_catalog.setval('registro_id_seq', 1, false);


--
-- TOC entry 2175 (class 0 OID 46345)
-- Dependencies: 182 2196
-- Data for Name: respuesta; Type: TABLE DATA; Schema: public; Owner: postgres
--

COPY respuesta (id, texto, numero, pregunta_id, description, carga_id, name, created, modified, created_by, modified_by) FROM stdin;
\.


--
-- TOC entry 2242 (class 0 OID 0)
-- Dependencies: 181
-- Name: respuesta_id_seq; Type: SEQUENCE SET; Schema: public; Owner: postgres
--

SELECT pg_catalog.setval('respuesta_id_seq', 1, false);


--
-- TOC entry 2195 (class 0 OID 46747)
-- Dependencies: 202 2196
-- Data for Name: rights; Type: TABLE DATA; Schema: public; Owner: postgres
--

COPY rights (itemname, type, weight) FROM stdin;
\.


--
-- TOC entry 2169 (class 0 OID 46258)
-- Dependencies: 176 2196
-- Data for Name: tipo; Type: TABLE DATA; Schema: public; Owner: postgres
--

COPY tipo (id, name, created, modified, created_by, modified_by) FROM stdin;
1	Texto	1900-01-01 00:00:00	1900-01-01 00:00:00	\N	\N
5	Entero	2012-12-25 23:34:21.15148	2012-12-25 23:34:21.15148	\N	\N
6	Decimal	2012-12-25 23:34:29.370473	2012-12-25 23:34:29.370473	\N	\N
7	Selección	2012-12-25 23:35:18.552415	2012-12-25 23:35:18.552415	\N	\N
8	Sí / No	2012-12-25 23:35:28.484245	2012-12-25 23:35:28.484245	\N	\N
9	Sección	2012-12-27 21:30:46.800457	2012-12-27 21:30:46.800457	\N	\N
\.


--
-- TOC entry 2243 (class 0 OID 0)
-- Dependencies: 175
-- Name: tipo_id_seq; Type: SEQUENCE SET; Schema: public; Owner: postgres
--

SELECT pg_catalog.setval('tipo_id_seq', 9, true);


--
-- TOC entry 2189 (class 0 OID 46637)
-- Dependencies: 196 2196
-- Data for Name: usuario; Type: TABLE DATA; Schema: public; Owner: postgres
--

COPY usuario (id, email, username, password, name, cedula, address, cellphone, birthday, last_login_time, created, modified, created_by, modified_by, deleted, disabled, reset_password, first_name, last_name) FROM stdin;
2	ed	ed	b5f3729e5418905ad2b21ce186b1c01d	ed	2222			2012-05-30 00:00:00	2012-12-31 18:00:35.714097	2012-12-29 13:00:55.346701	2012-12-31 14:41:21.203901	\N	2	f	f	f	\N	\N
1	admin@admin.com	admin	21232f297a57a5a743894a0e4a801fc3	admin	1234567890	aqui 666 y acaaa	0991234567	2012-02-12 00:00:00	2012-12-31 18:01:02.581075	2012-12-29 12:21:24.896509	2012-12-31 18:00:55.471794	\N	2	f	f	f	Ed	Akos
3	aaaa	aaaa	74b87337454200d4d33f80c4663dc5e5					2013-01-18 00:00:00	\N	2012-12-29 14:59:21.012278	2012-12-30 10:33:29.977145	\N	\N	f	f	f	\N	\N
\.


--
-- TOC entry 2244 (class 0 OID 0)
-- Dependencies: 195
-- Name: usuario_id_seq; Type: SEQUENCE SET; Schema: public; Owner: postgres
--

SELECT pg_catalog.setval('usuario_id_seq', 7, true);


--
-- TOC entry 2092 (class 2606 OID 46178)
-- Dependencies: 164 164 2197
-- Name: IES_pkey; Type: CONSTRAINT; Schema: public; Owner: postgres; Tablespace: 
--

ALTER TABLE ONLY ies
    ADD CONSTRAINT "IES_pkey" PRIMARY KEY (id);


--
-- TOC entry 2112 (class 2606 OID 46393)
-- Dependencies: 184 184 2197
-- Name: Logs_pkey; Type: CONSTRAINT; Schema: public; Owner: postgres; Tablespace: 
--

ALTER TABLE ONLY registro
    ADD CONSTRAINT "Logs_pkey" PRIMARY KEY (id);


--
-- TOC entry 2090 (class 2606 OID 46165)
-- Dependencies: 162 162 2197
-- Name: archivos_pkey; Type: CONSTRAINT; Schema: public; Owner: postgres; Tablespace: 
--

ALTER TABLE ONLY archivo
    ADD CONSTRAINT archivos_pkey PRIMARY KEY (id);


--
-- TOC entry 2132 (class 2606 OID 46734)
-- Dependencies: 201 201 201 2197
-- Name: auth_assigment_pkey; Type: CONSTRAINT; Schema: public; Owner: postgres; Tablespace: 
--

ALTER TABLE ONLY auth_assignment
    ADD CONSTRAINT auth_assigment_pkey PRIMARY KEY (itemname, userid);


--
-- TOC entry 2130 (class 2606 OID 46706)
-- Dependencies: 200 200 200 2197
-- Name: auth_item_child_pkey; Type: CONSTRAINT; Schema: public; Owner: postgres; Tablespace: 
--

ALTER TABLE ONLY auth_item_child
    ADD CONSTRAINT auth_item_child_pkey PRIMARY KEY (parent, child);


--
-- TOC entry 2128 (class 2606 OID 46701)
-- Dependencies: 199 199 2197
-- Name: auth_item_pkey; Type: CONSTRAINT; Schema: public; Owner: postgres; Tablespace: 
--

ALTER TABLE ONLY auth_item
    ADD CONSTRAINT auth_item_pkey PRIMARY KEY (name);


--
-- TOC entry 2116 (class 2606 OID 46421)
-- Dependencies: 188 188 2197
-- Name: canton_pkey; Type: CONSTRAINT; Schema: public; Owner: postgres; Tablespace: 
--

ALTER TABLE ONLY canton
    ADD CONSTRAINT canton_pkey PRIMARY KEY (id);


--
-- TOC entry 2096 (class 2606 OID 46196)
-- Dependencies: 168 168 2197
-- Name: cargas_pkey; Type: CONSTRAINT; Schema: public; Owner: postgres; Tablespace: 
--

ALTER TABLE ONLY carga
    ADD CONSTRAINT cargas_pkey PRIMARY KEY (id);


--
-- TOC entry 2126 (class 2606 OID 46671)
-- Dependencies: 198 198 2197
-- Name: carrera_pkey; Type: CONSTRAINT; Schema: public; Owner: postgres; Tablespace: 
--

ALTER TABLE ONLY carrera
    ADD CONSTRAINT carrera_pkey PRIMARY KEY (id);


--
-- TOC entry 2098 (class 2606 OID 46224)
-- Dependencies: 170 170 2197
-- Name: conocimiento_pkey; Type: CONSTRAINT; Schema: public; Owner: postgres; Tablespace: 
--

ALTER TABLE ONLY conocimiento_area
    ADD CONSTRAINT conocimiento_pkey PRIMARY KEY (id);


--
-- TOC entry 2100 (class 2606 OID 46237)
-- Dependencies: 172 172 2197
-- Name: conocimiento_subarea_pkey; Type: CONSTRAINT; Schema: public; Owner: postgres; Tablespace: 
--

ALTER TABLE ONLY conocimiento_subarea
    ADD CONSTRAINT conocimiento_subarea_pkey PRIMARY KEY (id);


--
-- TOC entry 2122 (class 2606 OID 46613)
-- Dependencies: 194 194 2197
-- Name: documentos_pkey; Type: CONSTRAINT; Schema: public; Owner: postgres; Tablespace: 
--

ALTER TABLE ONLY documento
    ADD CONSTRAINT documentos_pkey PRIMARY KEY (id);


--
-- TOC entry 2094 (class 2606 OID 46186)
-- Dependencies: 166 166 2197
-- Name: formularios_pkey; Type: CONSTRAINT; Schema: public; Owner: postgres; Tablespace: 
--

ALTER TABLE ONLY formulario
    ADD CONSTRAINT formularios_pkey PRIMARY KEY (id);


--
-- TOC entry 2120 (class 2606 OID 46579)
-- Dependencies: 192 192 2197
-- Name: levantamiento_pkey; Type: CONSTRAINT; Schema: public; Owner: postgres; Tablespace: 
--

ALTER TABLE ONLY levantamiento
    ADD CONSTRAINT levantamiento_pkey PRIMARY KEY (id);


--
-- TOC entry 2108 (class 2606 OID 46322)
-- Dependencies: 180 180 2197
-- Name: opciones_pkey; Type: CONSTRAINT; Schema: public; Owner: postgres; Tablespace: 
--

ALTER TABLE ONLY opcion
    ADD CONSTRAINT opciones_pkey PRIMARY KEY (id);


--
-- TOC entry 2102 (class 2606 OID 46255)
-- Dependencies: 174 174 2197
-- Name: parametros_pkey; Type: CONSTRAINT; Schema: public; Owner: postgres; Tablespace: 
--

ALTER TABLE ONLY parametro
    ADD CONSTRAINT parametros_pkey PRIMARY KEY (id);


--
-- TOC entry 2118 (class 2606 OID 46436)
-- Dependencies: 190 190 2197
-- Name: parroquia_pkey; Type: CONSTRAINT; Schema: public; Owner: postgres; Tablespace: 
--

ALTER TABLE ONLY parroquia
    ADD CONSTRAINT parroquia_pkey PRIMARY KEY (id);


--
-- TOC entry 2106 (class 2606 OID 46294)
-- Dependencies: 178 178 2197
-- Name: preguntas_pkey; Type: CONSTRAINT; Schema: public; Owner: postgres; Tablespace: 
--

ALTER TABLE ONLY pregunta
    ADD CONSTRAINT preguntas_pkey PRIMARY KEY (id);


--
-- TOC entry 2114 (class 2606 OID 46411)
-- Dependencies: 186 186 2197
-- Name: provincia_pkey; Type: CONSTRAINT; Schema: public; Owner: postgres; Tablespace: 
--

ALTER TABLE ONLY provincia
    ADD CONSTRAINT provincia_pkey PRIMARY KEY (id);


--
-- TOC entry 2110 (class 2606 OID 46355)
-- Dependencies: 182 182 2197
-- Name: respuesta_pkey; Type: CONSTRAINT; Schema: public; Owner: postgres; Tablespace: 
--

ALTER TABLE ONLY respuesta
    ADD CONSTRAINT respuesta_pkey PRIMARY KEY (id);


--
-- TOC entry 2134 (class 2606 OID 46751)
-- Dependencies: 202 202 2197
-- Name: rights_pkey; Type: CONSTRAINT; Schema: public; Owner: postgres; Tablespace: 
--

ALTER TABLE ONLY rights
    ADD CONSTRAINT rights_pkey PRIMARY KEY (itemname);


--
-- TOC entry 2104 (class 2606 OID 46265)
-- Dependencies: 176 176 2197
-- Name: tipos_pkey; Type: CONSTRAINT; Schema: public; Owner: postgres; Tablespace: 
--

ALTER TABLE ONLY tipo
    ADD CONSTRAINT tipos_pkey PRIMARY KEY (id);


--
-- TOC entry 2124 (class 2606 OID 46647)
-- Dependencies: 196 196 2197
-- Name: usuario_pkey; Type: CONSTRAINT; Schema: public; Owner: postgres; Tablespace: 
--

ALTER TABLE ONLY usuario
    ADD CONSTRAINT usuario_pkey PRIMARY KEY (id);


--
-- TOC entry 2152 (class 2606 OID 46740)
-- Dependencies: 201 2127 199 2197
-- Name: auth_assigment_itemname_fkey; Type: FK CONSTRAINT; Schema: public; Owner: postgres
--

ALTER TABLE ONLY auth_assignment
    ADD CONSTRAINT auth_assigment_itemname_fkey FOREIGN KEY (itemname) REFERENCES auth_item(name) ON UPDATE CASCADE ON DELETE CASCADE;


--
-- TOC entry 2151 (class 2606 OID 46722)
-- Dependencies: 199 200 2127 2197
-- Name: auth_item_child_child_fkey; Type: FK CONSTRAINT; Schema: public; Owner: postgres
--

ALTER TABLE ONLY auth_item_child
    ADD CONSTRAINT auth_item_child_child_fkey FOREIGN KEY (child) REFERENCES auth_item(name) ON UPDATE CASCADE ON DELETE CASCADE;


--
-- TOC entry 2150 (class 2606 OID 46717)
-- Dependencies: 199 2127 200 2197
-- Name: auth_item_child_parent_fkey; Type: FK CONSTRAINT; Schema: public; Owner: postgres
--

ALTER TABLE ONLY auth_item_child
    ADD CONSTRAINT auth_item_child_parent_fkey FOREIGN KEY (parent) REFERENCES auth_item(name) ON UPDATE CASCADE ON DELETE CASCADE;


--
-- TOC entry 2146 (class 2606 OID 46552)
-- Dependencies: 188 2113 186 2197
-- Name: canton_provincia_id_fkey; Type: FK CONSTRAINT; Schema: public; Owner: postgres
--

ALTER TABLE ONLY canton
    ADD CONSTRAINT canton_provincia_id_fkey FOREIGN KEY (provincia_id) REFERENCES provincia(id);


--
-- TOC entry 2136 (class 2606 OID 46619)
-- Dependencies: 162 168 2089 2197
-- Name: cargas_archivo_id_fkey; Type: FK CONSTRAINT; Schema: public; Owner: postgres
--

ALTER TABLE ONLY carga
    ADD CONSTRAINT cargas_archivo_id_fkey FOREIGN KEY (archivo_id) REFERENCES archivo(id);


--
-- TOC entry 2137 (class 2606 OID 46624)
-- Dependencies: 166 168 2093 2197
-- Name: cargas_formulario_id_fkey; Type: FK CONSTRAINT; Schema: public; Owner: postgres
--

ALTER TABLE ONLY carga
    ADD CONSTRAINT cargas_formulario_id_fkey FOREIGN KEY (formulario_id) REFERENCES formulario(id);


--
-- TOC entry 2138 (class 2606 OID 46629)
-- Dependencies: 2091 164 168 2197
-- Name: cargas_ies_id_fkey; Type: FK CONSTRAINT; Schema: public; Owner: postgres
--

ALTER TABLE ONLY carga
    ADD CONSTRAINT cargas_ies_id_fkey FOREIGN KEY (ies_id) REFERENCES ies(id);


--
-- TOC entry 2149 (class 2606 OID 46672)
-- Dependencies: 198 164 2091 2197
-- Name: carrera_ies_id_fkey; Type: FK CONSTRAINT; Schema: public; Owner: postgres
--

ALTER TABLE ONLY carrera
    ADD CONSTRAINT carrera_ies_id_fkey FOREIGN KEY (ies_id) REFERENCES ies(id);


--
-- TOC entry 2139 (class 2606 OID 46557)
-- Dependencies: 2097 172 170 2197
-- Name: conocimiento_subarea_conocimiento_area_id_fkey; Type: FK CONSTRAINT; Schema: public; Owner: postgres
--

ALTER TABLE ONLY conocimiento_subarea
    ADD CONSTRAINT conocimiento_subarea_conocimiento_area_id_fkey FOREIGN KEY (conocimiento_area_id) REFERENCES conocimiento_area(id);


--
-- TOC entry 2148 (class 2606 OID 46614)
-- Dependencies: 192 2119 194 2197
-- Name: documento_levantamiento_id_fkey; Type: FK CONSTRAINT; Schema: public; Owner: postgres
--

ALTER TABLE ONLY documento
    ADD CONSTRAINT documento_levantamiento_id_fkey FOREIGN KEY (levantamiento_id) REFERENCES levantamiento(id);


--
-- TOC entry 2135 (class 2606 OID 46596)
-- Dependencies: 2119 192 166 2197
-- Name: formulario_levantamiento_id_fkey; Type: FK CONSTRAINT; Schema: public; Owner: postgres
--

ALTER TABLE ONLY formulario
    ADD CONSTRAINT formulario_levantamiento_id_fkey FOREIGN KEY (levantamiento_id) REFERENCES levantamiento(id);


--
-- TOC entry 2143 (class 2606 OID 46542)
-- Dependencies: 180 2105 178 2197
-- Name: opciones_pregunta_id_fkey; Type: FK CONSTRAINT; Schema: public; Owner: postgres
--

ALTER TABLE ONLY opcion
    ADD CONSTRAINT opciones_pregunta_id_fkey FOREIGN KEY (pregunta_id) REFERENCES pregunta(id);


--
-- TOC entry 2147 (class 2606 OID 46562)
-- Dependencies: 2115 188 190 2197
-- Name: parroquia_canton_id_fkey; Type: FK CONSTRAINT; Schema: public; Owner: postgres
--

ALTER TABLE ONLY parroquia
    ADD CONSTRAINT parroquia_canton_id_fkey FOREIGN KEY (canton_id) REFERENCES canton(id);


--
-- TOC entry 2140 (class 2606 OID 46527)
-- Dependencies: 2093 166 178 2197
-- Name: pregunta_formulario_id_fkey; Type: FK CONSTRAINT; Schema: public; Owner: postgres
--

ALTER TABLE ONLY pregunta
    ADD CONSTRAINT pregunta_formulario_id_fkey FOREIGN KEY (formulario_id) REFERENCES formulario(id);


--
-- TOC entry 2141 (class 2606 OID 46532)
-- Dependencies: 178 178 2105 2197
-- Name: pregunta_pregunta_id_fkey; Type: FK CONSTRAINT; Schema: public; Owner: postgres
--

ALTER TABLE ONLY pregunta
    ADD CONSTRAINT pregunta_pregunta_id_fkey FOREIGN KEY (pregunta_id) REFERENCES pregunta(id);


--
-- TOC entry 2142 (class 2606 OID 46537)
-- Dependencies: 178 176 2103 2197
-- Name: preguntas_tipo_id_fkey; Type: FK CONSTRAINT; Schema: public; Owner: postgres
--

ALTER TABLE ONLY pregunta
    ADD CONSTRAINT preguntas_tipo_id_fkey FOREIGN KEY (tipo_id) REFERENCES tipo(id);


--
-- TOC entry 2144 (class 2606 OID 46517)
-- Dependencies: 182 2105 178 2197
-- Name: respuesta_pregunta_id_fkey; Type: FK CONSTRAINT; Schema: public; Owner: postgres
--

ALTER TABLE ONLY respuesta
    ADD CONSTRAINT respuesta_pregunta_id_fkey FOREIGN KEY (pregunta_id) REFERENCES pregunta(id);


--
-- TOC entry 2145 (class 2606 OID 46522)
-- Dependencies: 2095 168 182 2197
-- Name: respuestas_carga_id_fkey; Type: FK CONSTRAINT; Schema: public; Owner: postgres
--

ALTER TABLE ONLY respuesta
    ADD CONSTRAINT respuestas_carga_id_fkey FOREIGN KEY (carga_id) REFERENCES carga(id);


--
-- TOC entry 2153 (class 2606 OID 46752)
-- Dependencies: 199 2127 202 2197
-- Name: rights_itemname_fkey; Type: FK CONSTRAINT; Schema: public; Owner: postgres
--

ALTER TABLE ONLY rights
    ADD CONSTRAINT rights_itemname_fkey FOREIGN KEY (itemname) REFERENCES auth_item(name) ON UPDATE CASCADE ON DELETE CASCADE;


--
-- TOC entry 2202 (class 0 OID 0)
-- Dependencies: 5
-- Name: public; Type: ACL; Schema: -; Owner: postgres
--

REVOKE ALL ON SCHEMA public FROM PUBLIC;
REVOKE ALL ON SCHEMA public FROM postgres;
GRANT ALL ON SCHEMA public TO postgres;
GRANT ALL ON SCHEMA public TO PUBLIC;


-- Completed on 2012-12-31 18:05:44 EST

--
-- PostgreSQL database dump complete
--

